img_id,Rating_1,Rating_2,Rating_3,Rating_4,Rating_5,Average
PAT_8_15_820.png,1,1,1,0,1,1
PAT_9_17_80.png,1,0,0,0,1,0
PAT_10_18_830.png,2,2,2,2,2,2
PAT_13_21_350.png,1,0,0,0,0,0
PAT_14_22_850.png,0,0,0,0,0,0
PAT_15_1001_749.png,0,0,0,0,0,0
PAT_15_23_240.png,1,0,0,0,0,0
PAT_15_3138_959.png,0,0,0,0,0,0
PAT_16_24_691.png,0,0,0,1,0,0
PAT_20_30_44.png,1,0,1,0,1,1
PAT_20_29_850.png,1,0,0,0,0,0
PAT_21_982_266.png,0,0,0,0,0,0
PAT_21_31_965.png,2,2,2,2,2,2
PAT_26_37_865.png,0,0,0,0,0,0
PAT_27_38_240.png,0,0,0,0,0,0
PAT_29_40_561.png,1,0,0,1,0,0
PAT_30_41_815.png,0,0,1,2,0,1
PAT_31_42_680.png,2,1,2,2,2,2
PAT_31_43_129.png,0,0,0,0,0,0
PAT_32_44_211.png,0,0,0,0,0,0
PAT_34_47_108.png,0,0,0,0,0,0
PAT_35_48_43.png,0,0,0,0,0,0
PAT_36_49_935.png,1,0,0,1,1,1
PAT_36_50_14.png,0,0,0,0,0,0
PAT_38_54_234.png,2,1,1,0,2,1
PAT_38_1002_34.png,2,1,1,1,2,1
PAT_38_1003_68.png,2,1,2,1,2,2
PAT_38_1003_226.png,2,2,2,2,2,2
PAT_38_53_198.png,0,0,0,0,0,0
PAT_38_1002_668.png,2,2,2,2,2,2
PAT_39_55_233.png,1,1,1,1,1,1
PAT_40_1026_312.png,0,0,0,1,0,0
PAT_40_56_160.png,2,1,1,1,0,1
PAT_40_56_499.png,2,1,1,0,0,1
PAT_41_57_2.png,1,0,0,0,0,0
PAT_42_58_13.png,1,0,0,0,0,0
PAT_43_1017_483.png,0,0,0,0,0,0
PAT_43_61_210.png,0,0,0,0,0,0
PAT_44_63_151.png,1,0,1,0,0,0
PAT_45_65_551.png,1,0,1,0,1,1
PAT_45_66_822.png,1,0,1,0,0,0
PAT_46_881_939.png,2,0,0,0,0,0
PAT_46_879_225.png,1,0,0,0,0,0
PAT_46_880_308.png,0,0,0,0,0,0
PAT_46_881_14.png,2,0,0,0,0,0
PAT_46_879_386.png,1,0,0,0,0,0
PAT_46_880_140.png,1,0,0,0,0,0
PAT_48_74_402.png,0,0,0,0,0,0
PAT_48_74_309.png,0,0,0,0,0,0
PAT_49_75_326.png,1,0,0,0,0,0
PAT_50_76_296.png,0,0,0,0,0,0
PAT_50_76_728.png,0,0,0,0,0,0
PAT_51_78_959.png,0,0,0,0,0,0
PAT_53_1370_245.png,1,0,0,0,0,0
PAT_53_82_940.png,0,0,0,0,0,0
PAT_53_1370_288.png,0,0,0,0,0,0
PAT_53_1144_892.png,1,1,1,1,1,1
PAT_53_81_522.png,0,0,0,0,0,0
PAT_53_81_194.png,0,0,0,0,0,0
PAT_53_82_657.png,0,0,0,0,0,0
PAT_54_83_405.png,0,0,0,0,0,0
PAT_55_84_506.png,0,0,0,0,0,0
PAT_55_85_884.png,1,0,0,0,1,0
PAT_56_86_479.png,1,0,0,0,1,0
PAT_56_86_802.png,1,0,0,0,1,0
PAT_56_88_274.png,1,0,0,0,1,0
PAT_57_90_910.png,1,0,0,0,0,0
PAT_58_91_143.png,1,0,0,1,1,1
PAT_58_91_845.png,1,0,0,1,1,1
PAT_59_94_849.png,1,0,0,0,0,0
PAT_59_93_342.png,0,0,0,0,0,0
PAT_59_46_537.png,1,0,0,0,0,0
PAT_59_93_573.png,0,0,0,0,0,0
PAT_61_299_74.png,0,1,0,1,1,1
PAT_62_97_868.png,0,0,0,0,0,0
PAT_63_1075_498.png,1,0,0,0,1,0
PAT_63_98_187.png,0,0,0,0,1,0
PAT_63_99_189.png,1,0,1,0,1,1
PAT_63_99_736.png,1,0,1,0,0,0
PAT_63_98_127.png,1,0,1,0,1,1
PAT_63_1075_331.png,0,0,0,0,0,0
PAT_65_101_847.png,0,0,0,0,0,0
PAT_67_104_730.png,1,1,0,1,1,1
PAT_67_104_695.png,1,0,0,1,0,0
PAT_68_105_871.png,2,2,2,2,2,2
PAT_69_1053_540.png,1,0,1,0,0,0
PAT_69_1053_332.png,1,0,0,0,0,0
PAT_70_107_591.png,2,1,2,2,2,2
PAT_70_107_155.png,0,0,0,0,0,0
PAT_71_108_56.png,0,0,0,0,0,0
PAT_71_108_617.png,0,0,0,0,0,0
PAT_71_145_971.png,2,1,1,1,2,1
PAT_72_110_647.png,0,0,0,0,0,0
PAT_72_110_944.png,0,0,0,0,0,0
PAT_73_111_435.png,0,0,0,0,0,0
PAT_73_111_609.png,1,0,0,0,0,0
PAT_74_112_729.png,1,0,0,0,0,0
PAT_75_114_73.png,2,1,1,1,1,1
PAT_75_113_165.png,0,0,0,0,0,0
PAT_75_113_647.png,0,0,0,0,0,0
PAT_76_1039_269.png,1,1,0,0,1,1
PAT_78_118_164.png,0,0,0,0,0,0
PAT_78_118_685.png,0,0,0,0,0,0
PAT_79_120_532.png,1,0,1,0,0,0
PAT_79_120_739.png,2,0,1,1,2,1
PAT_81_123_52.png,0,0,0,1,0,0
PAT_82_125_365.png,1,0,0,0,0,0
PAT_82_125_525.png,0,0,0,0,0,0
PAT_82_125_907.png,1,0,0,0,0,0
PAT_83_126_820.png,1,1,1,1,1,1
PAT_83_126_513.png,1,1,1,1,1,1
PAT_84_128_233.png,1,0,1,0,1,1
PAT_85_129_225.png,0,0,0,0,0,0
PAT_85_129_980.png,0,0,0,0,0,0
PAT_85_129_896.png,0,0,0,0,0,0
PAT_86_1109_306.png,0,0,0,0,0,0
PAT_86_1082_41.png,1,0,1,0,0,0
PAT_86_1109_164.png,1,0,0,0,0,0
PAT_86_1082_220.png,0,0,0,0,0,0
PAT_86_131_107.png,0,0,0,0,0,0
PAT_87_133_391.png,0,0,0,0,0,0
PAT_87_133_810.png,0,0,0,0,0,0
PAT_87_133_159.png,0,0,0,0,0,0
PAT_88_133_64.png,1,0,1,0,0,0
PAT_89_135_11.png,0,0,0,0,0,0
PAT_90_219_648.png,1,1,1,1,1,1
PAT_90_138_369.png,0,0,0,0,0,0
PAT_90_139_57.png,0,0,0,0,0,0
PAT_90_138_605.png,1,0,0,0,0,0
PAT_91_354_332.png,1,0,0,0,0,0
PAT_91_356_273.png,1,0,0,0,0,0
PAT_91_356_74.png,1,0,1,0,1,1
PAT_91_356_456.png,1,0,1,0,1,1
PAT_91_140_664.png,1,0,0,0,1,0
PAT_92_141_551.png,1,1,2,1,2,1
PAT_93_142_269.png,1,1,1,1,1,1
PAT_96_150_743.png,0,0,0,0,0,0
PAT_97_151_503.png,1,0,1,0,1,1
PAT_97_151_587.png,2,1,2,1,2,2
PAT_98_152_562.png,1,1,2,2,1,1
PAT_99_153_636.png,0,0,0,0,0,0
PAT_100_393_898.png,1,0,0,0,0,0
PAT_100_393_595.png,0,0,0,0,0,0
PAT_101_1041_651.png,1,0,0,0,1,0
PAT_101_1041_658.png,1,0,1,0,1,1
PAT_101_1041_898.png,1,0,0,0,0,0
PAT_104_1754_276.png,0,0,0,0,0,0
PAT_104_1755_320.png,0,0,0,0,0,0
PAT_104_1756_151.png,0,0,0,0,0,0
PAT_106_159_325.png,0,0,0,0,0,0
PAT_106_158_249.png,1,0,0,0,0,0
PAT_106_158_270.png,1,0,0,0,0,0
PAT_107_160_609.png,0,0,0,0,0,0
PAT_108_162_660.png,1,0,0,0,0,0
PAT_108_161_423.png,1,1,0,1,1,1
PAT_108_162_526.png,1,0,0,0,0,0
PAT_108_424_944.png,1,0,0,0,1,0
PAT_108_161_878.png,1,0,0,0,1,0
PAT_108_161_575.png,1,1,0,1,1,1
PAT_109_868_723.png,2,1,2,1,1,1
PAT_109_868_113.png,1,1,1,1,1,1
PAT_110_165_583.png,0,0,0,0,0,0
PAT_110_397_52.png,0,0,0,0,0,0
PAT_112_168_360.png,0,0,0,0,0,0
PAT_112_171_863.png,2,2,2,2,2,2
PAT_113_172_610.png,1,0,0,0,1,0
PAT_114_173_213.png,1,0,1,0,1,1
PAT_115_175_206.png,0,0,0,0,0,0
PAT_115_1138_870.png,1,0,0,0,0,0
PAT_115_176_455.png,1,0,0,0,0,0
PAT_115_175_283.png,0,0,0,0,0,0
PAT_115_177_575.png,1,0,0,0,0,0
PAT_115_177_622.png,1,0,0,0,1,0
PAT_115_1138_970.png,0,0,0,0,0,0
PAT_117_179_983.png,1,0,0,1,1,1
PAT_118_180_386.png,0,0,0,0,0,0
PAT_118_180_500.png,0,0,0,0,0,0
PAT_119_181_684.png,0,0,0,0,0,0
PAT_120_183_623.png,1,1,1,1,1,1
PAT_121_184_502.png,0,0,0,0,0,0
PAT_122_185_957.png,0,0,0,0,0,0
PAT_122_869_60.png,0,0,0,0,0,0
PAT_123_186_718.png,0,0,0,0,0,0
PAT_123_187_164.png,1,0,0,0,0,0
PAT_126_191_304.png,1,0,0,0,0,0
PAT_126_190_376.png,0,0,0,0,0,0
PAT_126_192_208.png,0,0,0,0,0,0
PAT_128_194_144.png,0,0,0,0,0,0
PAT_128_194_28.png,0,0,0,0,0,0
PAT_131_197_974.png,1,0,0,0,0,0
PAT_131_197_260.png,1,0,0,0,0,0
PAT_132_198_114.png,0,0,0,0,0,0
PAT_134_201_587.png,1,0,0,0,0,0
PAT_135_202_105.png,0,0,0,0,0,0
PAT_135_202_695.png,1,0,0,0,0,0
PAT_135_202_593.png,1,0,0,0,0,0
PAT_136_203_436.png,0,0,0,0,0,0
PAT_138_205_296.png,2,1,1,1,1,1
PAT_138_206_507.png,2,2,2,2,2,2
PAT_139_207_342.png,0,0,0,0,0,0
PAT_141_209_438.png,1,0,0,0,1,0
PAT_142_210_904.png,1,0,0,0,0,0
PAT_143_213_489.png,1,1,2,1,1,1
PAT_145_216_158.png,0,0,0,0,0,0
PAT_145_216_924.png,1,0,0,0,0,0
PAT_145_216_110.png,0,0,0,0,0,0
PAT_146_217_187.png,1,1,1,1,1,1
PAT_147_219_544.png,1,1,1,1,1,1
PAT_147_219_206.png,1,1,1,1,1,1
PAT_148_220_174.png,2,2,2,2,2,2
PAT_149_221_679.png,0,0,1,0,0,0
PAT_150_1799_644.png,1,0,0,0,0,0
PAT_151_227_63.png,0,0,0,0,0,0
PAT_152_230_934.png,1,0,0,0,0,0
PAT_152_230_707.png,1,0,0,0,0,0
PAT_153_1200_541.png,1,0,1,1,1,1
PAT_153_233_45.png,2,1,1,1,1,1
PAT_154_237_625.png,2,1,0,1,1,1
PAT_154_235_162.png,0,0,0,0,0,0
PAT_154_235_30.png,0,0,0,0,0,0
PAT_154_237_2.png,2,1,2,1,1,1
PAT_154_236_800.png,1,0,1,0,0,0
PAT_155_240_211.png,1,0,1,1,1,1
PAT_155_238_413.png,2,2,2,2,2,2
PAT_156_241_538.png,0,0,0,0,0,0
PAT_158_621_68.png,0,0,0,0,0,0
PAT_158_243_947.png,1,0,0,0,0,0
PAT_159_246_630.png,1,0,0,0,0,0
PAT_159_244_102.png,0,0,0,0,0,0
PAT_159_245_181.png,1,0,0,0,0,0
PAT_160_248_254.png,2,2,2,2,2,2
PAT_160_249_76.png,2,2,2,2,2,2
PAT_161_250_338.png,0,0,0,0,0,0
PAT_161_250_197.png,0,0,0,0,0,0
PAT_162_252_773.png,1,0,1,0,0,0
PAT_163_254_719.png,1,0,0,0,0,0
PAT_164_255_119.png,0,0,0,0,0,0
PAT_164_255_130.png,0,0,0,0,0,0
PAT_165_256_460.png,2,1,1,1,1,1
PAT_166_3672_759.png,1,0,0,0,0,0
PAT_166_257_586.png,1,0,1,0,1,1
PAT_167_258_711.png,1,0,0,0,0,0
PAT_167_684_365.png,2,2,2,2,2,2
PAT_167_258_479.png,1,0,1,0,1,1
PAT_168_1486_97.png,1,0,0,0,1,0
PAT_168_262_74.png,1,1,0,1,1,1
PAT_168_260_654.png,2,2,2,2,2,2
PAT_168_262_292.png,1,1,1,1,1,1
PAT_168_261_38.png,2,2,2,2,2,2
PAT_169_694_411.png,1,0,0,0,2,1
PAT_170_264_785.png,1,0,0,0,0,0
PAT_171_265_757.png,1,0,0,0,0,0
PAT_172_267_557.png,1,0,0,0,0,0
PAT_172_266_950.png,0,0,0,0,0,0
PAT_173_268_1000.png,0,0,0,0,0,0
PAT_176_273_423.png,0,0,0,0,0,0
PAT_177_275_905.png,0,0,0,0,0,0
PAT_177_775_786.png,1,0,1,0,2,1
PAT_177_274_865.png,0,0,0,0,0,0
PAT_177_274_371.png,0,0,0,0,0,0
PAT_178_276_465.png,0,0,0,0,0,0
PAT_179_278_331.png,1,0,0,0,1,0
PAT_179_277_436.png,1,0,0,0,0,0
PAT_180_279_377.png,0,0,0,0,0,0
PAT_180_279_746.png,1,0,0,0,0,0
PAT_180_756_831.png,0,0,0,0,0,0
PAT_181_280_417.png,2,1,1,1,2,1
PAT_181_281_54.png,2,2,2,2,2,2
PAT_183_283_495.png,1,0,0,0,0,0
PAT_183_283_602.png,0,0,0,0,0,0
PAT_184_284_721.png,0,0,0,0,0,0
PAT_185_285_862.png,1,0,0,0,0,0
PAT_185_285_97.png,1,1,1,1,1,1
PAT_186_286_109.png,1,1,1,1,1,1
PAT_187_287_482.png,1,0,0,0,0,0
PAT_188_289_908.png,0,0,0,0,0,0
PAT_188_289_859.png,0,0,0,0,0,0
PAT_190_291_366.png,0,0,0,0,0,0
PAT_191_294_629.png,0,0,0,0,0,0
PAT_191_294_419.png,0,0,0,0,0,0
PAT_191_293_391.png,0,0,0,0,0,0
PAT_191_293_314.png,0,0,0,0,0,0
PAT_191_293_699.png,0,0,0,0,0,0
PAT_192_295_164.png,0,0,0,0,0,0
PAT_192_296_824.png,1,2,2,2,1,2
PAT_192_884_310.png,1,0,0,0,1,0
PAT_193_297_295.png,0,0,0,0,0,0
PAT_194_298_945.png,0,0,0,0,0,0
PAT_194_298_367.png,0,0,0,0,0,0
PAT_196_300_749.png,0,0,0,0,0,0
PAT_197_301_449.png,1,0,0,0,0,0
PAT_197_301_198.png,1,0,0,0,0,0
PAT_198_302_44.png,0,0,0,0,0,0
PAT_198_853_778.png,0,0,0,0,0,0
PAT_200_304_139.png,0,0,0,0,0,0
PAT_201_946_262.png,2,2,2,2,2,2
PAT_201_306_781.png,0,0,0,0,0,0
PAT_202_307_424.png,1,0,0,0,0,0
PAT_202_307_927.png,0,0,0,0,0,0
PAT_202_308_692.png,1,0,0,0,0,0
PAT_202_308_721.png,1,0,0,0,0,0
PAT_204_310_975.png,0,0,0,0,0,0
PAT_205_311_255.png,1,0,1,1,1,1
PAT_206_312_760.png,1,1,1,2,1,1
PAT_206_312_595.png,1,1,1,2,1,1
PAT_207_3951_140.png,1,1,1,1,1,1
PAT_207_313_709.png,1,0,1,0,1,1
PAT_207_1280_15.png,2,2,2,2,2,2
PAT_207_313_1.png,1,0,1,0,1,1
PAT_208_314_741.png,1,0,1,0,0,0
PAT_210_316_401.png,0,0,0,0,0,0
PAT_211_319_777.png,1,1,1,1,1,1
PAT_211_319_810.png,1,1,1,1,1,1
PAT_211_318_942.png,0,0,0,0,0,0
PAT_211_317_649.png,0,0,0,0,0,0
PAT_212_327_532.png,0,0,0,0,0,0
PAT_212_326_597.png,0,0,0,0,0,0
PAT_213_328_117.png,2,2,2,2,2,2
PAT_214_329_70.png,2,1,2,2,2,2
PAT_214_329_300.png,1,1,1,1,2,1
PAT_215_330_341.png,1,0,0,0,1,0
PAT_215_330_224.png,1,0,0,0,1,0
PAT_216_331_678.png,1,2,1,2,1,1
PAT_217_333_61.png,1,0,1,1,1,1
PAT_217_963_806.png,1,1,1,1,1,1
PAT_217_1290_283.png,0,0,0,0,0,0
PAT_217_1291_419.png,0,0,0,0,0,0
PAT_217_332_906.png,0,0,0,0,0,0
PAT_219_336_376.png,2,2,2,2,2,2
PAT_219_337_358.png,0,0,0,0,0,0
PAT_220_1343_489.png,0,0,0,0,0,0
PAT_220_338_339.png,1,0,0,0,0,0
PAT_221_339_566.png,0,0,0,0,0,0
PAT_221_339_951.png,0,0,0,0,0,0
PAT_223_341_187.png,1,0,0,0,0,0
PAT_223_1068_246.png,0,0,0,0,0,0
PAT_223_1067_569.png,0,0,0,0,0,0
PAT_224_1340_551.png,1,2,2,2,2,2
PAT_224_1340_142.png,1,2,2,1,2,2
PAT_224_343_782.png,0,0,0,0,0,0
PAT_225_345_903.png,1,1,1,1,2,1
PAT_227_347_19.png,1,1,1,1,1,1
PAT_228_348_535.png,0,0,0,0,0,0
PAT_228_348_2.png,1,0,0,0,0,0
PAT_229_349_256.png,1,0,0,0,0,0
PAT_229_349_141.png,1,0,0,0,0,0
PAT_230_351_720.png,0,0,0,0,0,0
PAT_230_1008_673.png,0,0,0,0,0,0
PAT_230_1007_645.png,1,0,0,0,0,0
PAT_230_350_872.png,0,0,0,0,0,0
PAT_230_1009_92.png,0,0,0,0,0,0
PAT_233_354_935.png,1,1,0,0,0,0
PAT_233_986_663.png,0,0,1,1,1,1
PAT_233_354_828.png,0,0,0,0,0,0
PAT_235_360_50.png,2,2,2,0,0,1
PAT_236_361_180.png,2,2,2,2,2,2
PAT_236_1071_810.png,0,0,2,2,2,1
PAT_237_362_909.png,1,0,0,0,0,0
PAT_237_362_52.png,0,0,0,0,0,0
PAT_237_363_344.png,0,0,0,0,0,0
PAT_237_363_858.png,0,0,0,0,0,0
PAT_238_364_387.png,0,0,0,0,0,0
PAT_240_366_768.png,0,0,0,0,0,0
PAT_241_367_89.png,1,0,0,0,1,0
PAT_241_367_374.png,0,0,0,0,0,0
PAT_242_368_261.png,0,0,0,0,0,0
PAT_242_369_337.png,1,0,0,0,0,0
PAT_242_369_930.png,1,0,0,0,0,0
PAT_243_372_119.png,0,0,0,0,0,0
PAT_243_372_640.png,0,0,0,0,0,0
PAT_244_374_726.png,0,0,0,0,0,0
PAT_245_376_24.png,1,0,0,0,1,0
PAT_245_376_197.png,2,2,2,2,2,2
PAT_246_377_159.png,1,1,1,1,1,1
PAT_247_1293_449.png,1,1,1,1,1,1
PAT_247_378_484.png,2,2,2,2,2,2
PAT_247_1294_292.png,0,0,0,0,0,0
PAT_248_379_695.png,1,1,1,1,1,1
PAT_249_380_366.png,1,1,1,1,1,1
PAT_251_382_164.png,0,0,0,0,0,0
PAT_251_382_240.png,0,0,0,0,0,0
PAT_251_382_576.png,0,0,0,0,0,0
PAT_252_383_31.png,1,0,0,0,1,0
PAT_252_383_389.png,1,0,0,0,1,0
PAT_253_384_607.png,2,1,2,1,2,2
PAT_255_388_77.png,1,2,2,2,1,2
PAT_255_388_231.png,2,2,2,2,2,2
PAT_256_295_583.png,0,0,0,0,0,0
PAT_256_394_449.png,1,0,0,0,1,0
PAT_257_395_866.png,1,0,0,0,0,0
PAT_257_396_494.png,1,0,0,0,0,0
PAT_258_397_198.png,1,0,0,0,0,0
PAT_259_399_801.png,0,0,0,0,0,0
PAT_260_1289_396.png,1,1,1,1,2,1
PAT_260_400_842.png,1,0,0,0,0,0
PAT_260_400_566.png,0,0,0,0,0,0
PAT_261_401_911.png,0,0,0,0,0,0
PAT_262_402_14.png,0,0,0,0,0,0
PAT_262_402_265.png,1,0,0,0,0,0
PAT_263_404_410.png,1,0,0,0,1,0
PAT_263_403_966.png,0,0,0,0,0,0
PAT_263_403_382.png,1,0,0,0,0,0
PAT_263_1480_753.png,1,1,1,1,1,1
PAT_264_405_118.png,0,0,0,0,0,0
PAT_264_1368_868.png,0,0,0,0,0,0
PAT_265_406_276.png,0,0,0,0,0,0
PAT_265_407_421.png,1,0,0,0,1,0
PAT_265_407_137.png,0,0,0,0,0,0
PAT_265_1371_303.png,0,0,0,0,0,0
PAT_267_412_275.png,2,2,2,2,1,2
PAT_267_1061_152.png,0,0,0,0,0,0
PAT_267_1062_418.png,0,0,0,0,0,0
PAT_267_1258_693.png,0,0,0,0,1,0
PAT_267_411_513.png,1,1,1,1,2,1
PAT_267_1061_324.png,0,0,0,0,0,0
PAT_268_413_643.png,0,0,0,0,0,0
PAT_269_415_103.png,1,2,2,2,1,2
PAT_269_415_906.png,2,2,2,2,2,2
PAT_270_1386_755.png,0,0,0,0,0,0
PAT_270_1382_561.png,0,0,0,0,0,0
PAT_270_416_398.png,0,0,0,0,0,0
PAT_270_1387_430.png,0,0,0,0,0,0
PAT_270_417_257.png,0,1,0,1,0,0
PAT_270_1384_995.png,0,0,0,0,0,0
PAT_270_417_728.png,1,0,0,0,1,0
PAT_271_418_92.png,0,0,0,0,0,0
PAT_271_418_14.png,0,0,0,0,0,0
PAT_272_419_906.png,0,0,0,0,0,0
PAT_272_420_25.png,0,0,0,0,0,0
PAT_272_420_10.png,0,0,0,0,0,0
PAT_273_421_905.png,1,1,1,1,1,1
PAT_274_423_374.png,0,0,0,0,0,0
PAT_275_424_966.png,2,2,2,2,2,2
PAT_276_425_539.png,0,0,0,0,0,0
PAT_277_426_825.png,0,0,0,0,0,0
PAT_277_427_658.png,0,0,0,0,0,0
PAT_277_1309_814.png,0,0,0,0,0,0
PAT_279_429_142.png,2,2,2,2,2,2
PAT_279_1393_118.png,1,2,2,2,2,2
PAT_279_430_356.png,0,2,2,2,2,2
PAT_280_431_466.png,0,0,0,0,0,0
PAT_281_1516_753.png,1,1,1,1,1,1
PAT_281_1517_293.png,0,0,0,0,0,0
PAT_281_432_813.png,0,0,0,0,1,0
PAT_281_1518_571.png,0,0,0,0,0,0
PAT_282_433_934.png,0,1,1,1,1,1
PAT_286_1458_381.png,2,2,2,2,2,2
PAT_286_1459_926.png,0,0,0,0,0,0
PAT_286_1459_666.png,0,0,0,0,0,0
PAT_287_440_729.png,0,0,0,0,0,0
PAT_288_441_312.png,2,2,2,2,2,2
PAT_289_1399_481.png,0,0,0,0,2,0
PAT_289_442_43.png,2,2,2,2,0,2
PAT_290_445_988.png,2,2,2,2,2,2
PAT_290_445_686.png,2,2,2,2,2,2
PAT_291_446_704.png,0,0,0,0,0,0
PAT_294_638_564.png,0,0,0,0,0,0
PAT_295_639_240.png,0,0,0,0,0,0
PAT_296_640_206.png,0,0,0,0,0,0
PAT_297_4307_924.png,0,0,0,0,0,0
PAT_299_1452_1.png,1,1,1,1,1,1
PAT_299_1455_759.png,0,0,0,0,0,0
PAT_300_648_84.png,1,0,0,0,1,0
PAT_300_1478_445.png,0,0,0,0,0,0
PAT_300_647_501.png,0,0,0,0,0,0
PAT_300_1689_862.png,1,0,0,0,1,0
PAT_301_649_533.png,0,0,0,0,0,0
PAT_302_651_529.png,1,0,0,0,0,0
PAT_302_1633_845.png,0,0,0,0,0,0
PAT_302_650_477.png,1,0,0,0,1,0
PAT_303_652_342.png,0,0,0,1,1,0
PAT_303_652_943.png,1,1,1,1,1,1
PAT_304_4186_458.png,2,2,2,2,2,2
PAT_304_653_446.png,0,1,1,1,1,1
PAT_305_655_30.png,1,0,0,0,0,0
PAT_306_1646_903.png,0,0,0,0,0,0
PAT_306_1646_971.png,1,1,1,1,2,1
PAT_306_658_825.png,0,0,0,0,0,0
PAT_307_659_85.png,0,0,0,0,0,0
PAT_307_1458_363.png,0,1,1,1,1,1
PAT_307_1685_651.png,0,0,0,0,1,0
PAT_308_661_184.png,1,0,0,0,1,0
PAT_309_663_812.png,0,0,0,0,0,0
PAT_309_662_76.png,0,0,0,0,0,0
PAT_309_662_737.png,0,0,0,0,0,0
PAT_311_666_191.png,0,0,0,0,0,0
PAT_311_667_416.png,0,0,0,0,0,0
PAT_312_668_480.png,0,0,0,0,0,0
PAT_313_669_908.png,2,2,2,2,2,2
PAT_313_669_935.png,2,2,2,2,2,2
PAT_314_672_909.png,1,1,1,1,1,1
PAT_315_673_227.png,0,0,0,0,0,0
PAT_316_674_924.png,0,0,0,0,0,0
PAT_316_674_318.png,0,0,0,0,0,0
PAT_316_1457_353.png,0,0,0,0,1,0
PAT_317_675_144.png,0,0,0,0,0,0
PAT_318_677_278.png,0,0,0,0,0,0
PAT_319_680_832.png,0,0,0,0,0,0
PAT_319_679_533.png,0,0,0,0,1,0
PAT_319_680_166.png,0,0,0,0,0,0
PAT_319_678_357.png,1,0,0,0,0,0
PAT_320_681_724.png,2,2,2,2,2,2
PAT_320_681_410.png,2,2,2,2,2,2
PAT_321_682_236.png,1,1,1,1,1,1
PAT_323_686_356.png,1,1,1,1,2,1
PAT_323_687_169.png,1,0,0,0,1,0
PAT_324_1464_266.png,1,0,0,0,1,0
PAT_324_1465_43.png,1,0,0,0,0,0
PAT_325_689_528.png,0,0,0,0,0,0
PAT_325_1506_999.png,1,0,0,0,0,0
PAT_325_1506_440.png,1,0,0,0,0,0
PAT_326_690_797.png,0,0,0,0,0,0
PAT_326_690_823.png,0,0,0,0,0,0
PAT_328_692_681.png,1,0,0,0,1,0
PAT_330_698_211.png,2,2,2,2,2,2
PAT_330_1438_323.png,0,0,0,0,0,0
PAT_330_696_894.png,1,1,1,1,1,1
PAT_330_695_90.png,0,0,0,0,0,0
PAT_330_698_302.png,2,2,2,2,2,2
PAT_330_1440_532.png,0,0,0,0,0,0
PAT_330_1437_458.png,0,0,0,0,0,0
PAT_330_695_296.png,1,0,0,0,0,0
PAT_330_1437_506.png,0,0,0,0,0,0
PAT_330_697_575.png,1,0,0,0,0,0
PAT_333_1469_499.png,1,0,0,0,0,0
PAT_333_1468_620.png,1,0,0,0,1,0
PAT_333_702_840.png,0,0,0,0,0,0
PAT_334_703_907.png,1,1,1,1,1,1
PAT_336_705_711.png,0,0,0,0,0,0
PAT_337_706_254.png,0,0,0,0,0,0
PAT_337_706_944.png,0,0,0,0,0,0
PAT_337_706_598.png,0,0,0,0,0,0
PAT_337_1697_721.png,1,2,2,2,2,2
PAT_338_710_319.png,1,0,0,0,1,0
PAT_338_709_306.png,1,1,1,1,1,1
PAT_338_707_774.png,1,0,0,0,0,0
PAT_338_710_93.png,1,0,0,0,0,0
PAT_340_714_68.png,0,0,0,0,0,0
PAT_340_714_314.png,0,0,0,0,0,0
PAT_341_715_180.png,0,0,0,0,0,0
PAT_342_716_316.png,0,0,0,0,0,0
PAT_342_716_845.png,0,0,0,0,0,0
PAT_343_717_927.png,2,2,2,2,2,2
PAT_344_718_206.png,0,0,0,0,0,0
PAT_345_719_815.png,1,0,0,0,0,0
PAT_346_720_265.png,0,0,0,0,0,0
PAT_349_724_750.png,0,0,0,0,0,0
PAT_349_724_133.png,0,0,0,0,0,0
PAT_351_728_683.png,0,0,0,0,0,0
PAT_352_729_947.png,0,0,0,0,0,0
PAT_354_1817_500.png,1,2,2,2,2,2
PAT_354_731_155.png,0,1,1,1,1,1
PAT_354_1814_726.png,1,1,1,1,1,1
PAT_354_1814_619.png,1,1,1,1,1,1
PAT_354_1814_153.png,1,1,1,1,2,1
PAT_355_732_625.png,1,1,1,1,1,1
PAT_355_732_102.png,1,0,0,0,1,0
PAT_356_736_188.png,1,1,1,1,1,1
PAT_356_735_568.png,1,1,1,1,2,1
PAT_357_737_77.png,0,0,0,0,0,0
PAT_358_738_837.png,1,0,0,0,1,0
PAT_359_4450_86.png,1,1,1,1,2,1
PAT_359_740_46.png,0,0,0,0,0,0
PAT_359_1596_68.png,1,0,0,0,1,0
PAT_359_741_973.png,1,1,1,1,1,1
PAT_359_741_966.png,1,0,0,0,1,0
PAT_360_742_782.png,2,2,2,2,2,2
PAT_360_742_768.png,2,2,2,2,2,2
PAT_361_1568_456.png,0,0,0,0,0,0
PAT_361_1567_487.png,0,0,0,0,0,0
PAT_361_743_82.png,1,0,0,0,1,0
PAT_362_744_283.png,0,0,0,0,0,0
PAT_363_746_18.png,2,1,1,1,2,1
PAT_363_745_516.png,1,1,1,1,1,1
PAT_364_749_377.png,0,0,0,0,0,0
PAT_364_748_278.png,0,0,0,0,0,0
PAT_365_751_709.png,0,0,0,0,0,0
PAT_365_750_854.png,1,0,0,0,0,0
PAT_366_752_782.png,0,0,0,0,0,0
PAT_366_2448_563.png,1,0,0,0,1,0
PAT_367_753_130.png,0,0,0,0,0,0
PAT_368_2427_803.png,2,2,2,2,2,2
PAT_368_1652_525.png,2,2,2,2,2,2
PAT_368_1652_733.png,2,2,2,2,2,2
PAT_369_755_391.png,1,0,0,0,1,0
PAT_369_755_733.png,1,0,0,0,1,0
PAT_369_756_130.png,0,0,0,0,0,0
PAT_370_2558_175.png,2,2,2,2,2,2
PAT_370_2558_573.png,2,2,2,2,2,2
PAT_370_758_322.png,2,2,2,2,2,2
PAT_372_760_267.png,1,0,1,0,1,1
PAT_372_760_355.png,1,0,1,0,1,1
PAT_373_761_708.png,1,0,0,0,0,0
PAT_373_2598_514.png,2,2,2,2,2,2
PAT_373_2598_235.png,2,1,2,1,2,2
PAT_374_762_794.png,1,0,0,0,0,0
PAT_375_763_732.png,0,0,0,0,0,0
PAT_375_763_980.png,1,0,0,0,0,0
PAT_375_764_705.png,0,0,0,0,0,0
PAT_377_1580_534.png,1,1,1,1,1,1
PAT_377_1580_429.png,1,1,1,1,1,1
PAT_377_768_643.png,0,0,0,0,0,0
PAT_378_770_302.png,1,0,1,0,1,1
PAT_378_769_36.png,0,0,0,0,0,0
PAT_379_1531_17.png,0,0,0,0,0,0
PAT_379_4405_969.png,2,1,1,1,2,1
PAT_380_1540_959.png,0,0,0,0,0,0
PAT_380_773_542.png,0,0,0,0,0,0
PAT_380_773_362.png,0,0,0,0,0,0
PAT_380_774_185.png,1,0,0,0,1,0
PAT_380_1540_432.png,0,0,0,0,0,0
PAT_380_1540_525.png,1,0,0,0,0,0
PAT_381_775_566.png,1,0,0,0,1,0
PAT_381_775_253.png,1,0,0,0,1,0
PAT_382_776_986.png,0,0,0,0,0,0
PAT_383_777_129.png,0,0,0,0,0,0
PAT_383_779_429.png,1,0,0,0,0,0
PAT_384_782_292.png,0,0,0,0,0,0
PAT_385_783_574.png,0,0,0,0,0,0
PAT_385_783_22.png,0,0,0,0,0,0
PAT_386_1554_362.png,1,1,1,1,2,1
PAT_386_1554_455.png,2,2,2,2,2,2
PAT_386_784_470.png,1,0,0,0,0,0
PAT_386_1554_280.png,2,2,2,2,2,2
PAT_386_785_536.png,1,0,1,0,1,1
PAT_387_786_213.png,0,0,0,0,0,0
PAT_387_1614_866.png,0,0,0,0,0,0
PAT_387_786_782.png,0,0,0,0,0,0
PAT_388_1590_518.png,0,0,0,0,0,0
PAT_388_2452_548.png,1,1,1,1,1,1
PAT_388_4500_67.png,1,1,1,1,1,1
PAT_388_787_818.png,1,0,0,0,0,0
PAT_388_1590_328.png,1,0,1,0,2,1
PAT_388_1590_169.png,1,0,1,0,2,1
PAT_388_1592_850.png,0,0,0,0,0,0
PAT_388_1592_576.png,0,0,0,0,0,0
PAT_388_1589_976.png,1,1,1,1,1,1
PAT_388_4500_103.png,1,0,0,0,0,0
PAT_389_2600_833.png,1,0,0,0,0,0
PAT_390_790_505.png,0,0,0,0,0,0
PAT_392_792_712.png,1,2,2,2,2,2
PAT_392_792_22.png,1,0,0,0,1,0
PAT_393_793_852.png,1,0,0,0,0,0
PAT_394_1562_579.png,0,0,0,0,0,0
PAT_394_794_235.png,1,1,1,1,1,1
PAT_395_795_43.png,1,0,0,0,0,0
PAT_396_796_394.png,2,2,2,2,2,2
PAT_397_798_482.png,1,0,0,0,2,1
PAT_397_797_742.png,1,0,0,0,1,0
PAT_397_797_638.png,1,1,1,1,2,1
PAT_398_799_163.png,1,0,0,0,0,0
PAT_400_801_376.png,0,0,0,0,0,0
PAT_401_4594_970.png,1,0,0,0,1,0
PAT_402_803_739.png,0,0,0,0,0,0
PAT_403_804_994.png,0,0,0,0,0,0
PAT_404_805_575.png,0,0,0,0,0,0
PAT_406_808_975.png,2,2,2,2,2,2
PAT_406_809_581.png,1,1,1,1,1,1
PAT_406_1542_301.png,1,1,1,1,1,1
PAT_406_1542_754.png,1,1,1,1,1,1
PAT_406_808_560.png,2,2,2,2,2,2
PAT_407_810_390.png,0,0,0,0,0,0
PAT_408_811_808.png,2,2,2,2,2,2
PAT_409_812_974.png,1,0,0,0,0,0
PAT_409_2614_805.png,1,0,0,0,0,0
PAT_409_2614_24.png,1,0,0,0,0,0
PAT_411_815_692.png,2,2,2,2,2,2
PAT_412_818_61.png,1,0,0,0,0,0
PAT_412_817_232.png,1,0,0,0,0,0
PAT_413_819_268.png,1,0,0,0,0,0
PAT_413_819_550.png,2,2,2,2,2,2
PAT_414_822_420.png,1,0,0,0,0,0
PAT_416_826_123.png,1,0,0,0,1,0
PAT_416_824_540.png,1,0,1,0,1,1
PAT_417_3537_45.png,1,1,1,1,1,1
PAT_417_828_723.png,1,1,1,1,1,1
PAT_419_832_706.png,0,0,0,0,0,0
PAT_419_2768_910.png,2,2,2,2,2,2
PAT_419_2767_323.png,1,0,0,0,0,0
PAT_419_833_148.png,1,0,0,0,0,0
PAT_420_834_948.png,2,2,2,2,2,2
PAT_420_834_450.png,2,2,2,2,2,2
PAT_422_837_683.png,1,0,0,0,1,0
PAT_422_837_617.png,1,0,0,0,0,0
PAT_423_839_596.png,2,2,2,2,2,2
PAT_423_839_717.png,0,0,0,0,1,0
PAT_425_841_644.png,0,0,0,0,0,0
PAT_426_842_458.png,0,0,0,0,0,0
PAT_428_845_189.png,0,0,0,0,0,0
PAT_430_848_476.png,0,0,0,0,0,0
PAT_430_847_315.png,1,0,0,0,0,0
PAT_430_848_550.png,0,0,0,0,0,0
PAT_431_850_472.png,0,0,0,0,0,0
PAT_432_851_560.png,0,0,0,0,0,0
PAT_432_851_386.png,0,0,0,0,0,0
PAT_433_852_20.png,1,0,1,1,0,1
PAT_433_2650_417.png,0,0,0,0,0,0
PAT_435_854_68.png,1,0,0,0,1,0
PAT_437_857_425.png,1,0,0,0,0,0
PAT_439_859_283.png,1,0,0,0,0,0
PAT_439_2887_834.png,0,0,0,0,0,0
PAT_439_859_84.png,0,0,0,0,0,0
PAT_441_861_415.png,0,0,0,0,0,0
PAT_441_861_542.png,0,0,0,0,0,0
PAT_441_2868_663.png,0,0,0,0,0,0
PAT_442_863_795.png,0,0,0,0,0,0
PAT_443_864_894.png,0,0,0,0,0,0
PAT_445_871_524.png,1,0,0,0,0,0
PAT_447_873_329.png,0,0,0,0,0,0
PAT_448_875_81.png,0,0,0,0,0,0
PAT_451_878_890.png,1,0,0,0,0,0
PAT_451_878_634.png,0,0,0,0,0,0
PAT_452_882_896.png,0,0,0,0,0,0
PAT_453_883_719.png,1,1,1,1,1,1
PAT_454_884_28.png,1,1,1,1,1,1
PAT_455_885_115.png,1,0,0,0,1,0
PAT_456_887_499.png,0,0,0,0,0,0
PAT_456_888_961.png,0,0,0,0,0,0
PAT_457_890_255.png,1,1,1,1,2,1
PAT_457_889_346.png,1,1,1,1,1,1
PAT_458_891_709.png,1,0,1,1,1,1
PAT_459_892_804.png,1,0,1,0,1,1
PAT_460_894_242.png,1,0,0,0,0,0
PAT_460_893_883.png,0,0,0,0,0,0
PAT_460_894_401.png,0,0,0,0,0,0
PAT_460_893_307.png,0,0,0,0,0,0
PAT_460_894_429.png,0,0,0,0,0,0
PAT_461_895_72.png,0,0,0,0,0,0
PAT_462_896_893.png,1,1,1,0,0,1
PAT_463_897_440.png,0,0,0,0,0,0
PAT_464_1794_78.png,0,0,0,0,0,0
PAT_464_899_646.png,1,1,1,1,2,1
PAT_464_900_548.png,0,0,0,0,0,0
PAT_464_1794_271.png,1,1,1,2,2,1
PAT_465_901_627.png,0,0,0,0,0,0
PAT_465_901_106.png,0,0,0,0,0,0
PAT_466_903_893.png,1,0,0,0,0,0
PAT_467_904_235.png,0,0,0,0,0,0
PAT_467_904_776.png,1,0,0,0,0,0
PAT_467_904_535.png,0,0,0,0,0,0
PAT_468_905_765.png,0,0,0,0,0,0
PAT_470_908_103.png,0,0,0,0,0,0
PAT_471_909_394.png,1,0,0,0,1,0
PAT_471_909_353.png,0,0,0,0,0,0
PAT_471_909_344.png,1,0,0,0,1,0
PAT_472_910_453.png,1,0,0,0,0,0
PAT_473_911_610.png,0,0,0,0,0,0
PAT_473_911_630.png,0,0,0,0,0,0
PAT_474_912_879.png,1,0,1,0,1,1
PAT_475_913_874.png,0,0,0,0,0,0
PAT_477_915_389.png,0,0,0,0,0,0
PAT_478_916_806.png,1,0,0,0,1,0
PAT_478_916_979.png,1,0,0,0,1,0
PAT_478_1829_281.png,1,0,0,0,1,0
PAT_478_1829_141.png,1,0,0,0,1,0
PAT_479_919_97.png,2,2,2,2,2,2
PAT_479_917_41.png,1,0,0,0,1,0
PAT_479_917_598.png,1,0,0,0,1,0
PAT_480_921_1.png,0,0,0,0,0,0
PAT_481_923_186.png,0,0,0,0,0,0
PAT_482_924_134.png,0,0,0,0,0,0
PAT_482_2928_201.png,1,1,1,1,1,1
PAT_483_925_716.png,0,0,0,0,0,0
PAT_484_926_624.png,1,0,0,0,0,0
PAT_485_928_796.png,0,1,0,1,0,0
PAT_486_929_274.png,0,0,0,0,0,0
PAT_486_929_317.png,0,0,0,0,0,0
PAT_487_930_973.png,1,1,1,1,1,1
PAT_488_931_321.png,0,0,0,0,0,0
PAT_489_932_138.png,0,0,0,0,0,0
PAT_490_933_352.png,0,0,0,0,0,0
PAT_490_933_17.png,2,2,2,2,2,2
PAT_491_934_46.png,1,0,0,0,0,0
PAT_492_937_958.png,1,1,1,1,1,1
PAT_492_1782_752.png,1,2,2,2,2,2
PAT_492_1784_50.png,1,2,2,2,2,2
PAT_492_4723_890.png,1,0,1,0,1,1
PAT_492_937_126.png,1,1,1,1,1,1
PAT_492_937_43.png,1,1,1,1,1,1
PAT_493_3016_512.png,1,1,1,1,1,1
PAT_493_1862_360.png,2,2,2,2,2,2
PAT_494_939_518.png,0,0,0,0,0,0
PAT_495_941_26.png,1,0,1,1,1,1
PAT_497_943_580.png,0,0,0,0,0,0
PAT_498_944_488.png,0,0,0,0,0,0
PAT_499_945_878.png,0,0,0,0,0,0
PAT_500_947_77.png,0,0,0,0,0,0
PAT_503_949_409.png,0,0,0,0,0,0
PAT_503_950_552.png,1,1,1,1,1,1
PAT_503_950_368.png,1,1,1,1,1,1
PAT_504_953_569.png,0,0,0,0,0,0
PAT_505_951_710.png,0,0,0,0,0,0
PAT_505_3200_856.png,0,0,0,0,0,0
PAT_506_957_377.png,1,0,1,0,1,1
PAT_507_954_812.png,0,0,0,0,0,0
PAT_510_959_174.png,1,0,1,0,1,1
PAT_510_959_985.png,1,0,1,0,1,1
PAT_512_962_998.png,0,0,0,0,0,0
PAT_513_964_343.png,0,0,0,0,0,0
PAT_513_964_447.png,0,0,0,0,0,0
PAT_513_965_496.png,1,2,1,2,1,1
PAT_514_967_300.png,0,0,0,0,0,0
PAT_514_967_908.png,2,2,2,2,2,2
PAT_514_969_187.png,0,0,0,0,0,0
PAT_514_968_269.png,2,1,2,1,2,2
PAT_514_969_995.png,0,0,0,0,0,0
PAT_516_966_57.png,0,0,0,0,0,0
PAT_517_972_845.png,0,0,0,0,0,0
PAT_517_971_88.png,2,2,2,2,2,2
PAT_519_979_104.png,1,0,0,0,0,0
PAT_520_983_221.png,1,0,0,0,0,0
PAT_520_983_932.png,0,0,0,0,0,0
PAT_521_984_412.png,1,0,0,0,0,0
PAT_522_986_305.png,0,0,0,0,0,0
PAT_522_986_800.png,1,0,0,0,0,0
PAT_522_985_991.png,1,1,1,1,1,1
PAT_522_3174_761.png,2,1,1,1,1,1
PAT_522_3168_747.png,2,1,2,1,2,2
PAT_523_988_900.png,1,0,0,0,0,0
PAT_523_988_851.png,1,0,0,0,0,0
PAT_524_987_738.png,1,0,0,0,0,0
PAT_526_991_109.png,1,1,1,1,1,1
PAT_526_3205_611.png,1,0,0,0,0,0
PAT_527_1359_165.png,1,1,1,1,1,1
PAT_527_1360_225.png,2,2,2,2,2,2
PAT_528_992_124.png,1,1,1,1,0,1
PAT_528_3072_615.png,1,1,1,1,1,1
PAT_528_993_589.png,1,1,1,1,1,1
PAT_529_994_419.png,0,0,0,0,0,0
PAT_530_999_696.png,0,0,0,0,0,0
PAT_531_1004_189.png,1,1,1,1,1,1
PAT_531_3079_652.png,1,1,1,1,1,1
PAT_531_1004_792.png,1,1,1,1,1,1
PAT_532_3216_633.png,2,2,2,2,2,2
PAT_532_1007_854.png,0,0,0,0,0,0
PAT_534_1009_924.png,0,1,0,1,0,0
PAT_535_1012_145.png,0,0,0,0,0,0
PAT_535_1011_567.png,1,0,0,0,0,0
PAT_535_1010_303.png,0,0,0,0,0,0
PAT_536_3227_442.png,1,0,0,0,0,0
PAT_537_1014_961.png,2,2,2,2,1,2
PAT_537_1014_452.png,2,2,2,1,2,2
PAT_539_1023_878.png,0,0,0,0,0,0
PAT_539_1023_928.png,0,0,0,0,0,0
PAT_540_1016_644.png,1,0,0,0,0,0
PAT_541_3303_228.png,1,1,1,1,1,1
PAT_544_1028_226.png,1,1,1,1,1,1
PAT_545_1030_854.png,0,0,0,0,0,0
PAT_545_1029_650.png,1,1,1,1,1,1
PAT_545_1031_428.png,0,0,0,0,0,0
PAT_547_1033_911.png,0,0,0,0,0,0
PAT_547_1033_445.png,0,0,0,0,0,0
PAT_549_1043_676.png,0,0,0,0,0,0
PAT_549_1043_36.png,0,0,0,0,0,0
PAT_550_1045_81.png,2,2,2,2,2,2
PAT_551_1047_567.png,1,0,0,0,0,0
PAT_553_1049_461.png,0,0,0,0,0,0
PAT_554_1051_301.png,1,0,0,0,0,0
PAT_557_1058_309.png,0,0,0,0,0,0
PAT_558_1072_486.png,0,0,0,0,0,0
PAT_559_1093_774.png,2,1,2,1,2,2
PAT_561_1069_418.png,1,1,1,1,1,1
PAT_561_1068_909.png,1,0,2,1,2,1
PAT_561_1068_557.png,1,0,0,0,0,0
PAT_562_1110_360.png,1,0,0,0,1,0
PAT_563_1070_63.png,1,1,1,1,2,1
PAT_564_1079_430.png,0,0,0,0,0,0
PAT_564_1079_31.png,0,0,0,0,0,0
PAT_565_1073_749.png,1,0,1,0,1,1
PAT_566_179_23.png,0,0,0,0,0,0
PAT_566_178_625.png,1,0,0,0,1,0
PAT_567_1076_545.png,1,0,0,0,1,0
PAT_567_1077_64.png,0,0,0,0,0,0
PAT_567_1078_978.png,0,0,0,0,0,0
PAT_568_1066_235.png,0,0,0,0,0,0
PAT_570_1085_429.png,1,0,0,0,1,0
PAT_570_1084_939.png,1,0,0,0,1,0
PAT_570_1084_637.png,0,0,0,0,0,0
PAT_570_1085_344.png,1,0,0,0,1,0
PAT_571_1097_652.png,0,0,0,0,0,0
PAT_571_1096_10.png,1,0,1,0,1,1
PAT_572_1086_130.png,1,0,0,0,1,0
PAT_573_1090_660.png,1,0,0,0,0,0
PAT_573_1090_164.png,0,0,0,0,0,0
PAT_574_1081_628.png,1,1,1,1,1,1
PAT_575_1087_29.png,1,1,2,1,2,1
PAT_575_1088_134.png,0,0,0,0,0,0
PAT_576_1089_435.png,0,0,0,0,0,0
PAT_577_1107_61.png,0,0,0,0,0,0
PAT_579_1099_837.png,2,2,2,2,2,2
PAT_579_1100_988.png,1,1,1,1,1,1
PAT_579_1099_551.png,2,2,2,2,2,2
PAT_580_1104_684.png,1,0,0,0,0,0
PAT_581_1114_116.png,1,0,0,0,0,0
PAT_582_1363_358.png,0,0,0,0,0,0
PAT_583_1112_886.png,1,0,1,0,1,1
PAT_585_1130_474.png,1,1,1,1,1,1
PAT_585_1130_552.png,1,1,1,1,1,1
PAT_587_3431_6.png,2,2,2,2,2,2
PAT_587_1117_880.png,1,0,1,0,1,1
PAT_590_1121_504.png,1,1,1,1,1,1
PAT_591_1126_21.png,0,0,0,0,0,0
PAT_593_1127_823.png,0,0,0,0,0,0
PAT_595_1142_142.png,0,0,0,0,0,0
PAT_596_1146_316.png,1,1,1,1,2,1
PAT_596_1146_294.png,1,1,1,2,1,1
PAT_597_1139_181.png,1,0,0,0,0,0
PAT_598_1137_888.png,1,0,0,0,1,0
PAT_599_1140_399.png,1,0,1,0,0,0
PAT_600_1141_542.png,0,0,0,0,0,0
PAT_600_1141_988.png,1,1,1,1,1,1
PAT_601_1147_943.png,1,2,1,2,1,1
PAT_601_1147_889.png,1,1,1,1,1,1
PAT_604_1150_336.png,1,0,0,0,0,0
PAT_605_1152_536.png,1,1,1,1,1,1
PAT_609_1159_932.png,1,1,1,1,1,1
PAT_609_1159_942.png,2,1,2,1,2,2
PAT_610_1156_461.png,0,0,0,0,0,0
PAT_611_1158_156.png,1,0,1,0,1,1
PAT_612_1163_833.png,0,0,0,0,0,0
PAT_613_1164_827.png,1,0,1,0,1,1
PAT_614_1166_885.png,0,0,0,0,0,0
PAT_615_1167_722.png,1,0,0,0,0,0
PAT_615_1168_968.png,1,0,0,0,0,0
PAT_616_1169_3.png,1,0,0,0,0,0
PAT_618_1174_596.png,1,0,0,0,0,0
PAT_619_1175_767.png,2,1,1,1,1,1
PAT_620_1176_980.png,1,0,1,0,1,1
PAT_621_1183_56.png,0,0,0,0,0,0
PAT_621_1182_456.png,1,1,1,1,1,1
PAT_622_1185_922.png,1,0,0,0,0,0
PAT_624_1180_803.png,1,0,1,0,1,1
PAT_624_1179_323.png,1,0,0,0,0,0
PAT_625_1184_994.png,1,1,1,1,1,1
PAT_625_1184_412.png,0,0,0,0,0,0
PAT_626_1187_34.png,1,0,0,0,0,0
PAT_626_1186_898.png,1,0,0,0,0,0
PAT_627_1188_755.png,0,0,0,0,0,0
PAT_627_1188_503.png,0,0,0,0,0,0
PAT_628_1191_564.png,0,0,0,0,0,0
PAT_629_1192_362.png,2,1,1,1,2,1
PAT_630_1196_710.png,1,0,1,1,1,1
PAT_631_1227_585.png,0,0,0,0,0,0
PAT_631_1207_982.png,1,0,1,1,1,1
PAT_632_1206_634.png,0,0,0,0,0,0
PAT_632_1206_637.png,0,0,0,0,0,0
PAT_633_1199_218.png,2,2,2,2,2,2
PAT_633_1199_745.png,1,1,1,1,2,1
PAT_636_1204_521.png,0,0,0,0,0,0
PAT_636_1204_666.png,0,0,0,0,0,0
PAT_637_1434_570.png,0,0,0,0,0,0
PAT_637_1434_684.png,1,0,0,0,0,0
PAT_637_1217_274.png,2,1,1,1,2,1
PAT_638_3680_891.png,1,0,0,0,0,0
PAT_639_3674_452.png,0,0,0,0,0,0
PAT_639_3676_760.png,1,0,0,0,0,0
PAT_639_1208_986.png,0,0,0,0,0,0
PAT_640_1210_293.png,1,1,1,1,0,1
PAT_641_1211_321.png,1,0,0,0,0,0
PAT_645_4043_374.png,1,0,0,0,0,0
PAT_645_1300_463.png,0,0,0,0,0,0
PAT_645_1223_124.png,0,0,0,0,0,0
PAT_645_1222_140.png,1,0,0,0,1,0
PAT_645_1224_768.png,2,2,2,2,2,2
PAT_645_1222_860.png,0,0,0,0,0,0
PAT_645_1223_443.png,0,0,0,0,0,0
PAT_645_4042_489.png,1,0,1,1,1,1
PAT_645_1461_111.png,1,0,0,0,0,0
PAT_645_1500_364.png,1,0,0,0,0,0
PAT_646_1225_590.png,1,0,0,0,0,0
PAT_649_1233_229.png,0,0,0,0,0,0
PAT_650_1241_329.png,0,0,0,0,0,0
PAT_650_1230_636.png,0,0,0,0,0,0
PAT_650_3858_329.png,0,0,0,0,0,0
PAT_651_1232_950.png,0,0,0,0,0,0
PAT_652_1231_516.png,0,0,0,0,0,0
PAT_653_1234_311.png,2,2,2,2,2,2
PAT_654_1244_16.png,1,0,0,0,0,0
PAT_655_926_447.png,1,0,0,0,0,0
PAT_655_1245_807.png,0,0,0,0,0,0
PAT_656_1246_483.png,0,0,0,0,0,0
PAT_656_1246_489.png,0,0,0,0,0,0
PAT_657_1247_455.png,1,0,0,0,0,0
PAT_658_1266_149.png,0,0,0,0,0,0
PAT_660_1249_469.png,0,0,0,0,0,0
PAT_660_1249_373.png,0,0,0,0,0,0
PAT_662_1251_43.png,2,2,2,2,2,2
PAT_662_1251_380.png,2,2,2,2,2,2
PAT_663_1254_732.png,1,0,0,0,0,0
PAT_664_1263_781.png,0,0,0,0,0,0
PAT_665_1262_774.png,1,0,1,0,1,1
PAT_665_1260_16.png,0,0,0,0,0,0
PAT_665_1261_17.png,0,0,0,0,0,0
PAT_666_1268_870.png,1,0,0,0,0,0
PAT_666_1271_645.png,0,0,0,0,0,0
PAT_666_1269_65.png,1,0,0,0,0,0
PAT_667_1264_8.png,1,0,0,0,0,0
PAT_668_1259_681.png,0,0,0,0,0,0
PAT_669_1265_76.png,1,0,0,0,0,0
PAT_672_1272_705.png,0,0,0,0,0,0
PAT_673_3928_888.png,1,0,0,0,0,0
PAT_673_1276_752.png,1,0,0,0,0,0
PAT_674_1277_9.png,1,0,0,0,0,0
PAT_677_1349_541.png,1,1,2,1,2,1
PAT_677_1349_851.png,1,1,1,1,2,1
PAT_677_1350_67.png,0,0,0,0,0,0
PAT_677_1348_51.png,0,0,0,0,0,0
PAT_677_1350_358.png,1,0,0,0,0,0
PAT_677_1348_657.png,0,0,0,0,0,0
PAT_678_1298_396.png,1,0,0,0,0,0
PAT_678_1287_652.png,0,0,0,0,0,0
PAT_679_1286_677.png,2,2,2,2,2,2
PAT_679_1286_933.png,2,2,2,2,2,2
PAT_680_1289_182.png,1,0,1,0,1,1
PAT_680_1289_585.png,1,0,0,0,1,0
PAT_681_1299_458.png,2,2,2,2,2,2
PAT_682_1292_986.png,0,0,0,0,0,0
PAT_682_1292_978.png,0,0,0,0,0,0
PAT_682_1292_642.png,0,0,0,0,0,0
PAT_683_1296_237.png,0,0,0,0,0,0
PAT_683_1297_839.png,0,0,0,0,0,0
PAT_683_1297_195.png,0,0,0,0,0,0
PAT_684_1302_588.png,2,2,2,2,2,2
PAT_684_1303_178.png,1,1,1,1,1,1
PAT_684_1302_934.png,1,1,1,1,1,1
PAT_684_1303_368.png,1,1,1,1,1,1
PAT_686_1355_168.png,0,0,0,0,0,0
PAT_687_1304_898.png,0,0,0,0,0,0
PAT_688_1305_242.png,0,0,0,0,0,0
PAT_689_1306_772.png,1,0,0,0,1,0
PAT_689_1307_354.png,1,0,0,0,1,0
PAT_690_1309_981.png,0,0,0,0,0,0
PAT_690_1309_217.png,0,0,0,0,0,0
PAT_690_1309_154.png,0,0,0,0,0,0
PAT_691_1311_686.png,2,2,2,2,2,2
PAT_691_3994_671.png,2,2,2,2,2,2
PAT_691_1310_780.png,2,2,2,2,2,2
PAT_691_1311_2.png,2,2,2,2,2,2
PAT_691_3994_791.png,2,2,2,2,2,2
PAT_691_1311_890.png,2,2,2,2,2,2
PAT_691_1312_389.png,2,2,2,2,2,2
PAT_692_1308_364.png,0,0,0,0,0,0
PAT_693_1313_304.png,2,2,2,2,2,2
PAT_695_1314_822.png,0,0,0,0,0,0
PAT_697_1317_892.png,0,0,0,0,0,0
PAT_698_1150_510.png,0,0,0,0,0,0
PAT_698_1150_881.png,0,0,0,0,0,0
PAT_698_1319_166.png,1,0,0,0,0,0
PAT_699_1320_901.png,0,0,0,0,0,0
PAT_701_4056_457.png,2,2,2,2,2,2
PAT_701_1321_156.png,2,2,2,2,2,2
PAT_703_1329_112.png,1,0,0,0,0,0
PAT_704_1323_974.png,2,2,2,2,2,2
PAT_704_1324_359.png,1,0,1,0,1,1
PAT_705_4015_413.png,1,0,0,0,0,0
PAT_705_1326_82.png,0,0,0,0,0,0
PAT_707_1327_245.png,1,0,0,0,0,0
PAT_708_1333_222.png,0,0,0,0,0,0
PAT_709_1331_253.png,1,1,1,1,1,1
PAT_710_1330_243.png,2,1,1,1,2,1
PAT_711_4067_260.png,0,0,0,0,0,0
PAT_711_1334_480.png,0,0,0,0,0,0
PAT_711_1334_344.png,0,0,0,0,0,0
PAT_712_1335_359.png,1,0,0,0,0,0
PAT_713_1336_159.png,1,1,1,1,1,1
PAT_714_1337_709.png,2,1,2,1,2,2
PAT_714_1337_914.png,2,1,2,2,2,2
PAT_715_4072_827.png,2,2,2,2,2,2
PAT_715_4073_115.png,2,2,2,2,2,2
PAT_715_1338_761.png,1,0,1,0,1,1
PAT_715_1339_508.png,1,0,0,0,0,0
PAT_716_1345_460.png,0,0,0,0,0,0
PAT_717_1347_899.png,1,0,1,0,1,1
PAT_718_1358_919.png,0,0,0,0,0,0
PAT_719_1361_234.png,1,0,0,0,1,0
PAT_719_1361_160.png,1,0,0,0,0,0
PAT_720_1362_700.png,0,0,0,0,0,0
PAT_721_1365_142.png,1,0,0,0,0,0
PAT_721_1365_819.png,1,0,0,0,0,0
PAT_722_1377_120.png,0,0,0,0,0,0
PAT_722_1376_280.png,1,1,1,1,1,1
PAT_723_1396_338.png,0,0,0,0,0,0
PAT_724_1369_896.png,0,0,0,0,0,0
PAT_726_1371_543.png,0,0,0,0,0,0
PAT_726_1371_397.png,0,0,0,0,0,0
PAT_727_1373_718.png,1,0,0,0,0,0
PAT_727_1373_776.png,1,0,0,0,0,0
PAT_728_1533_952.png,1,0,0,0,0,0
PAT_728_1381_63.png,0,0,0,0,0,0
PAT_729_1382_390.png,2,0,1,0,1,1
PAT_730_1383_535.png,0,0,0,0,0,0
PAT_730_1385_585.png,2,2,2,2,2,2
PAT_731_1387_634.png,1,0,1,0,1,1
PAT_734_1390_631.png,0,0,0,0,0,0
PAT_735_1391_683.png,2,2,2,2,2,2
PAT_735_1391_261.png,2,1,1,1,2,1
PAT_736_1392_562.png,0,0,0,0,0,0
PAT_737_1394_936.png,0,0,0,0,0,0
PAT_737_1394_308.png,1,0,0,0,0,0
PAT_738_1397_966.png,0,0,0,0,0,0
PAT_738_1397_195.png,0,0,0,0,0,0
PAT_738_1552_843.png,0,0,0,0,0,0
PAT_738_1552_502.png,0,0,0,0,0,0
PAT_739_1398_331.png,1,0,0,0,1,0
PAT_741_1401_619.png,2,2,2,2,2,2
PAT_741_1400_780.png,1,1,1,1,1,1
PAT_742_1402_818.png,0,0,0,0,0,0
PAT_742_1470_425.png,1,0,0,0,0,0
PAT_742_1470_834.png,1,0,0,0,0,0
PAT_744_1405_742.png,2,1,2,2,2,2
PAT_744_1404_951.png,1,1,1,1,1,1
PAT_745_1406_409.png,2,1,1,1,2,1
PAT_746_1407_708.png,0,0,0,0,0,0
PAT_747_1408_427.png,2,2,2,2,2,2
PAT_747_1410_179.png,2,2,2,2,2,2
PAT_747_1409_116.png,2,2,2,2,2,2
PAT_747_1410_622.png,2,2,2,2,2,2
PAT_747_1408_965.png,2,2,2,2,2,2
PAT_747_1408_742.png,2,2,2,2,2,2
PAT_747_1409_466.png,2,2,2,2,2,2
PAT_749_1414_770.png,2,2,2,2,2,2
PAT_749_1415_164.png,2,1,1,1,1,1
PAT_751_1497_215.png,2,2,2,2,2,2
PAT_752_1426_714.png,2,1,2,1,2,2
PAT_753_1427_658.png,2,1,1,1,1,1
PAT_753_1428_451.png,0,0,0,0,0,0
PAT_753_1833_710.png,2,0,0,0,0,0
PAT_753_1427_496.png,1,0,0,0,1,0
PAT_753_1834_712.png,0,1,1,1,0,1
PAT_754_1429_380.png,1,0,0,0,1,0
PAT_755_1430_681.png,0,0,0,0,0,0
PAT_756_1496_480.png,1,0,0,0,0,0
PAT_756_1496_599.png,1,0,0,0,0,0
PAT_756_1495_858.png,0,0,0,0,0,0
PAT_757_1431_696.png,0,0,0,0,0,0
PAT_757_4220_942.png,0,0,0,0,0,0
PAT_757_1431_907.png,0,0,0,0,0,0
PAT_758_1441_891.png,2,1,2,1,2,2
PAT_759_1538_566.png,0,0,0,0,0,0
PAT_759_1433_973.png,0,0,0,0,0,0
PAT_759_1433_914.png,0,0,0,0,0,0
PAT_760_1456_878.png,0,0,0,0,0,0
PAT_761_1435_561.png,0,0,0,0,0,0
PAT_762_1436_414.png,0,0,0,0,0,0
PAT_763_1439_668.png,1,0,1,0,1,1
PAT_764_1448_499.png,1,1,1,1,2,1
PAT_766_1444_52.png,0,0,0,0,0,0
PAT_766_1670_458.png,1,0,0,0,0,0
PAT_767_1501_691.png,1,0,0,0,1,0
PAT_768_1449_842.png,2,2,2,2,2,2
PAT_768_1450_402.png,0,0,0,0,0,0
PAT_770_1451_136.png,2,2,2,2,2,2
PAT_771_1488_562.png,0,0,0,0,0,0
PAT_771_1491_390.png,1,1,1,1,1,1
PAT_771_1489_345.png,1,0,0,0,1,0
PAT_771_1488_922.png,0,1,0,1,0,0
PAT_771_1489_70.png,1,0,,0,1,1
PAT_771_1490_334.png,1,0,0,0,0,0
PAT_773_1459_554.png,0,0,0,0,0,0
PAT_774_1462_821.png,0,0,0,0,0,0
PAT_775_1463_616.png,1,0,1,0,1,1
PAT_776_1466_241.png,1,0,0,0,0,0
PAT_778_1471_835.png,1,1,1,1,2,1
PAT_778_1471_911.png,1,1,1,1,1,1
PAT_779_1472_741.png,0,0,0,0,0,0
PAT_780_1473_791.png,2,0,1,0,1,1
PAT_781_1474_517.png,0,0,0,0,0,0
PAT_782_1493_140.png,1,1,2,1,2,1
PAT_782_1492_890.png,2,1,1,1,1,1
PAT_782_1494_418.png,2,1,1,1,1,1
PAT_785_1479_108.png,1,0,1,0,1,1
PAT_786_1480_914.png,1,0,1,0,1,1
PAT_787_1482_328.png,0,0,0,0,0,0
PAT_788_1503_168.png,1,1,1,1,1,1
PAT_788_1503_541.png,1,1,1,1,1,1
PAT_789_1483_793.png,0,0,0,0,0,0
PAT_791_1487_906.png,1,0,0,0,1,0
PAT_792_4351_858.png,1,0,0,0,0,0
PAT_792_1498_936.png,1,0,0,0,0,0
PAT_793_1512_327.png,0,0,0,0,0,0
PAT_793_1512_513.png,0,0,0,0,0,0
PAT_793_1512_382.png,0,0,0,0,0,0
PAT_794_1507_723.png,0,0,0,0,0,0
PAT_795_1508_925.png,1,0,0,0,1,0
PAT_796_1510_130.png,0,0,0,0,0,0
PAT_796_1509_459.png,1,0,0,0,0,0
PAT_796_1509_400.png,1,0,0,0,1,0
PAT_796_1510_361.png,1,0,0,0,0,0
PAT_797_1511_805.png,2,2,2,2,2,2
PAT_798_1529_282.png,0,0,0,0,0,0
PAT_798_1771_240.png,0,0,0,0,0,0
PAT_798_1772_469.png,0,0,0,0,0,0
PAT_798_1770_256.png,0,0,0,0,0,0
PAT_799_1515_723.png,1,0,0,0,0,0
PAT_800_1514_512.png,2,0,1,0,2,1
PAT_800_1513_509.png,2,2,2,2,2,2
PAT_801_1518_78.png,1,1,1,1,1,1
PAT_801_1518_574.png,1,1,1,1,2,1
PAT_802_1516_910.png,2,0,1,0,1,1
PAT_802_1516_510.png,2,0,1,0,1,1
PAT_803_1522_907.png,0,0,0,0,0,0
PAT_805_1517_154.png,0,0,0,0,0,0
PAT_805_1517_647.png,0,0,0,0,0,0
PAT_806_1520_708.png,2,2,2,2,2,2
PAT_806_1519_527.png,0,0,0,0,0,0
PAT_806_1520_60.png,2,2,2,2,2,2
PAT_809_1528_118.png,1,0,1,0,0,0
PAT_809_1527_202.png,0,0,0,0,0,0
PAT_809_1527_902.png,0,0,0,0,0,0
PAT_810_1526_67.png,2,0,1,0,1,1
PAT_810_1526_639.png,1,0,1,0,1,1
PAT_812_1625_430.png,0,0,0,0,0,0
PAT_813_1619_543.png,0,0,0,0,0,0
PAT_814_1532_545.png,1,0,0,0,2,1
PAT_814_1532_265.png,2,0,1,1,2,1
PAT_815_1536_963.png,1,0,0,0,1,0
PAT_815_1535_536.png,2,2,2,2,2,2
PAT_815_1534_411.png,1,0,1,1,1,1
PAT_815_1533_460.png,0,0,0,0,0,0
PAT_816_1544_933.png,2,1,1,0,1,1
PAT_817_1537_643.png,2,1,1,1,1,1
PAT_817_4471_179.png,1,1,1,0,0,1
PAT_817_1537_943.png,2,0,1,1,1,1
PAT_818_1539_859.png,1,1,1,0,1,1
PAT_819_1541_727.png,1,0,1,0,1,1
PAT_821_1547_77.png,0,0,0,0,0,0
PAT_822_1550_826.png,2,1,2,1,2,2
PAT_822_1550_132.png,2,2,2,2,2,2
PAT_822_1551_642.png,1,0,0,0,1,0
PAT_822_1551_573.png,1,1,1,1,1,1
PAT_823_1558_67.png,0,0,0,0,0,0
PAT_823_1558_870.png,0,0,0,0,0,0
PAT_823_1556_787.png,1,0,0,0,1,0
PAT_824_1561_796.png,1,0,0,0,1,0
PAT_824_1560_801.png,1,0,0,0,0,0
PAT_826_1615_908.png,0,0,0,0,0,0
PAT_827_1600_1000.png,0,0,0,0,0,0
PAT_827_1599_248.png,2,1,2,1,2,2
PAT_827_1598_85.png,2,2,2,2,2,2
PAT_827_1601_859.png,2,2,2,2,2,2
PAT_829_1566_135.png,0,0,0,0,0,0
PAT_830_1564_54.png,0,0,0,0,0,0
PAT_830_1565_911.png,1,0,0,0,0,0
PAT_830_1564_740.png,0,0,0,0,0,0
PAT_831_1570_991.png,0,0,0,0,1,0
PAT_831_1570_637.png,0,0,0,0,0,0
PAT_832_1569_413.png,1,0,0,0,1,0
PAT_833_1571_134.png,0,0,0,0,0,0
PAT_834_4490_317.png,2,2,2,2,2,2
PAT_834_1572_973.png,1,0,1,0,1,1
PAT_834_1574_276.png,1,0,1,0,1,1
PAT_834_1574_397.png,1,0,0,0,0,0
PAT_834_1572_430.png,1,0,1,0,1,1
PAT_835_1577_938.png,1,1,1,1,1,1
PAT_835_1578_592.png,1,0,1,0,1,1
PAT_835_1578_52.png,1,0,1,0,2,1
PAT_837_1582_714.png,0,0,0,0,0,0
PAT_837_1584_745.png,0,0,0,0,0,0
PAT_837_1583_124.png,0,0,0,0,0,0
PAT_838_1585_282.png,0,0,0,0,0,0
PAT_838_1587_73.png,1,0,1,0,1,1
PAT_838_1585_979.png,1,0,1,0,1,1
PAT_838_1586_622.png,1,0,1,0,1,1
PAT_839_1591_204.png,2,2,2,2,2,2
PAT_840_1595_981.png,2,2,2,1,2,2
PAT_841_1603_667.png,1,0,0,0,0,0
PAT_842_1606_720.png,0,0,0,0,0,0
PAT_842_1606_971.png,0,0,0,0,0,0
PAT_844_1605_308.png,2,2,2,2,2,2
PAT_845_1604_313.png,0,0,0,0,0,0
PAT_846_1607_895.png,0,0,0,0,0,0
PAT_847_1610_165.png,0,0,0,0,0,0
PAT_849_1612_143.png,1,0,1,0,1,1
PAT_849_1613_824.png,1,0,0,0,1,0
PAT_850_1611_332.png,2,0,1,0,1,1
PAT_851_4519_488.png,0,0,0,0,0,0
PAT_851_1623_815.png,0,0,1,1,1,1
PAT_851_1623_506.png,0,0,0,1,0,0
PAT_851_4520_743.png,1,0,1,1,2,1
PAT_852_1629_265.png,2,2,2,2,2,2
PAT_853_1642_497.png,0,0,0,0,0,0
PAT_854_1635_103.png,2,0,1,0,1,1
PAT_856_1626_523.png,1,1,1,1,1,1
PAT_856_1626_630.png,1,1,1,1,1,1
PAT_857_1627_310.png,0,0,0,0,0,0
PAT_857_1628_916.png,0,0,0,0,0,0
PAT_858_1633_926.png,1,0,1,0,1,1
PAT_858_1631_427.png,1,1,1,1,1,1
PAT_858_1632_977.png,0,0,0,0,0,0
PAT_859_1638_598.png,1,0,0,0,0,0
PAT_860_1641_440.png,0,0,0,0,0,0
PAT_860_1641_998.png,0,0,0,0,0,0
PAT_861_1639_823.png,1,1,1,1,1,1
PAT_862_1643_386.png,1,0,0,0,0,0
PAT_864_1645_639.png,0,0,0,0,0,0
PAT_864_1646_822.png,0,0,0,0,0,0
PAT_864_1645_626.png,1,0,0,0,0,0
PAT_866_1649_674.png,1,0,1,0,1,1
PAT_867_1650_901.png,0,0,0,0,0,0
PAT_867_1650_825.png,0,0,0,0,0,0
PAT_868_1657_698.png,2,2,2,2,2,2
PAT_872_1707_638.png,2,2,2,2,2,2
PAT_872_1708_841.png,1,0,1,0,1,1
PAT_872_1709_526.png,1,0,0,0,1,0
PAT_873_1661_178.png,0,0,0,0,0,0
PAT_874_1672_287.png,0,0,0,0,0,0
PAT_874_1671_938.png,0,0,0,0,0,0
PAT_874_1671_176.png,0,0,0,0,0,0
PAT_874_1672_743.png,0,0,0,0,0,0
PAT_875_1668_588.png,1,0,1,0,1,1
PAT_875_1669_946.png,0,0,0,0,0,0
PAT_875_1670_121.png,0,0,0,0,0,0
PAT_876_1664_579.png,0,0,0,0,0,0
PAT_876_1666_961.png,0,0,0,0,0,0
PAT_876_1665_569.png,0,0,0,0,0,0
PAT_876_1665_386.png,0,0,0,0,0,0
PAT_877_1667_118.png,0,0,0,0,0,0
PAT_877_1667_667.png,0,0,0,0,0,0
PAT_878_1663_7.png,1,1,1,1,1,1
PAT_879_1676_668.png,0,0,0,0,0,0
PAT_880_1673_410.png,1,1,1,1,1,1
PAT_880_1675_704.png,2,2,2,2,2,2
PAT_880_1674_223.png,1,0,1,0,1,1
PAT_881_1681_462.png,0,0,0,0,0,0
PAT_882_1677_789.png,0,0,0,0,0,0
PAT_882_1678_192.png,0,0,0,0,0,0
PAT_883_1682_256.png,2,2,2,2,2,2
PAT_884_1683_538.png,0,0,0,0,0,0
PAT_885_1687_204.png,1,1,1,1,2,1
PAT_885_1687_823.png,0,0,0,0,0,0
PAT_886_1684_297.png,1,0,0,0,0,0
PAT_886_1684_103.png,0,0,0,0,0,0
PAT_887_1688_436.png,0,0,0,0,0,0
PAT_888_1685_268.png,1,0,0,0,1,0
PAT_889_1689_986.png,1,0,0,0,1,0
PAT_890_1694_29.png,0,0,0,0,0,0
PAT_890_1693_904.png,0,0,0,0,0,0
PAT_890_1693_454.png,0,0,0,0,0,0
PAT_891_1700_180.png,1,0,0,0,1,0
PAT_891_1701_36.png,0,0,0,0,0,0
PAT_892_1691_881.png,1,0,0,0,0,0
PAT_893_1697_613.png,0,0,0,0,0,0
PAT_894_1680_410.png,0,0,0,0,0,0
PAT_894_1679_640.png,2,0,1,0,1,1
PAT_895_1699_872.png,0,0,0,0,0,0
PAT_896_1705_582.png,2,0,1,0,0,1
PAT_897_1710_793.png,1,0,0,0,0,0
PAT_897_1704_988.png,0,0,1,2,0,1
PAT_898_1706_496.png,1,0,1,0,1,1
PAT_899_1702_32.png,1,1,1,1,1,1
PAT_900_1711_622.png,0,0,0,0,0,0
PAT_901_1716_497.png,1,1,1,1,1,1
PAT_902_1718_852.png,0,0,0,0,0,0
PAT_903_1719_943.png,1,0,0,0,0,0
PAT_903_1720_647.png,0,0,0,0,0,0
PAT_904_1736_851.png,1,0,0,0,0,0
PAT_904_1739_546.png,2,0,1,1,2,1
PAT_904_1737_511.png,1,0,0,0,0,0
PAT_905_1721_327.png,0,0,0,0,0,0
PAT_906_1723_560.png,1,0,1,1,1,1
PAT_906_1722_328.png,0,0,0,0,0,0
PAT_908_1726_939.png,0,0,0,0,0,0
PAT_911_1728_101.png,0,0,0,0,0,0
PAT_912_1729_244.png,0,0,0,0,0,0
PAT_913_1730_815.png,0,0,0,0,0,0
PAT_914_1740_932.png,1,0,1,0,1,1
PAT_914_1732_136.png,0,0,0,0,0,0
PAT_915_1738_667.png,0,0,0,0,0,0
PAT_917_1735_936.png,0,0,0,0,0,0
PAT_918_1742_456.png,1,0,1,0,1,1
PAT_918_1742_629.png,1,0,0,0,1,0
PAT_919_1744_318.png,1,0,1,0,1,1
PAT_919_1744_451.png,0,0,0,0,0,0
PAT_920_1747_19.png,1,0,0,0,1,0
PAT_920_1748_942.png,0,0,0,0,0,0
PAT_921_1750_313.png,0,0,0,0,0,0
PAT_923_1753_706.png,0,0,0,0,0,0
PAT_923_1753_496.png,0,0,0,0,0,0
PAT_924_1757_784.png,0,0,0,0,1,0
PAT_924_1757_704.png,1,0,0,0,0,0
PAT_926_1758_714.png,2,0,1,0,2,1
PAT_927_1759_749.png,0,0,0,0,0,0
PAT_927_1759_849.png,0,0,0,0,0,0
PAT_928_1764_426.png,0,0,0,0,0,0
PAT_930_1760_560.png,2,2,2,2,2,2
PAT_931_1762_69.png,0,0,0,0,0,0
PAT_931_1761_380.png,1,0,1,0,1,1
PAT_931_1763_617.png,0,0,0,0,0,0
PAT_933_1766_191.png,2,2,2,2,2,2
PAT_934_1778_140.png,0,0,0,0,0,0
PAT_934_1777_423.png,0,0,0,0,0,0
PAT_935_1781_341.png,0,0,0,0,0,0
PAT_935_1786_482.png,1,1,1,1,2,1
PAT_935_1785_530.png,1,0,0,0,1,0
PAT_935_1783_687.png,1,0,1,0,1,1
PAT_935_1781_920.png,0,0,1,0,0,0
PAT_936_1772_886.png,0,0,0,0,0,0
PAT_937_1768_126.png,2,2,2,2,2,2
PAT_938_1789_693.png,2,2,2,2,2,2
PAT_938_1790_977.png,1,1,1,1,1,1
PAT_939_1791_329.png,2,1,1,1,1,1
PAT_940_1774_962.png,1,1,1,1,1,1
PAT_940_1775_513.png,0,0,0,0,0,0
PAT_942_1792_411.png,1,1,1,1,1,1
PAT_943_1793_256.png,0,0,0,0,0,0
PAT_943_1793_787.png,0,0,0,0,0,0
PAT_944_1795_371.png,1,0,0,0,0,0
PAT_944_1795_666.png,0,0,0,0,0,0
PAT_945_1796_583.png,1,0,1,0,1,1
PAT_946_1809_687.png,0,0,0,0,0,0
PAT_947_1798_946.png,1,0,0,0,1,0
PAT_948_1801_993.png,0,0,0,0,0,0
PAT_948_1801_721.png,0,0,0,0,0,0
PAT_948_1800_310.png,1,0,1,0,1,1
PAT_949_1802_582.png,2,2,2,2,2,2
PAT_950_1804_64.png,0,0,0,0,0,0
PAT_950_1804_334.png,1,0,0,0,0,0
PAT_951_1836_991.png,2,2,2,2,2,2
PAT_952_1807_58.png,0,0,0,0,0,0
PAT_953_1806_326.png,1,0,1,0,1,1
PAT_953_1806_845.png,1,0,1,0,1,1
PAT_954_1808_415.png,1,0,1,0,1,1
PAT_955_1810_892.png,2,0,2,1,2,1
PAT_957_1814_77.png,0,0,0,0,0,0
PAT_958_1812_62.png,2,2,2,2,2,2
PAT_959_1813_1000.png,0,0,0,0,0,0
PAT_960_1816_662.png,1,0,0,0,0,0
PAT_961_1818_992.png,2,0,1,0,2,1
PAT_962_1823_942.png,1,0,1,0,1,1
PAT_962_1823_857.png,1,0,1,0,1,1
PAT_963_1820_823.png,1,0,1,0,1,1
PAT_963_1819_298.png,0,0,0,0,0,0
PAT_963_1817_593.png,1,0,0,0,0,0
PAT_964_1821_83.png,0,0,0,0,0,0
PAT_966_1825_584.png,2,2,2,2,2,2
PAT_966_1825_546.png,2,2,2,2,2,2
PAT_966_1826_587.png,1,0,0,0,0,0
PAT_967_1827_247.png,0,0,0,0,0,0
PAT_968_1835_721.png,1,0,1,0,1,1
PAT_970_1833_270.png,1,0,0,0,0,0
PAT_971_1847_99.png,0,0,0,0,0,0
PAT_972_1843_756.png,1,0,0,0,0,0
PAT_973_1839_34.png,1,0,1,0,1,1
PAT_974_1841_693.png,0,0,0,0,0,0
PAT_974_1842_574.png,0,0,0,0,0,0
PAT_975_4734_783.png,1,0,0,0,1,0
PAT_975_1834_152.png,0,0,0,0,0,0
PAT_976_1837_861.png,1,1,1,1,2,1
PAT_976_1837_503.png,1,1,2,1,2,1
PAT_978_1844_599.png,0,0,0,1,0,0
PAT_978_1844_715.png,0,0,0,1,0,0
PAT_980_1851_351.png,0,0,0,0,0,0
PAT_980_1849_295.png,1,0,0,0,1,0
PAT_981_1848_906.png,1,0,0,0,0,0
PAT_981_1848_486.png,1,0,0,0,1,0
PAT_982_1852_526.png,0,0,0,0,0,0
PAT_983_1853_985.png,0,0,0,0,0,0
PAT_983_1854_274.png,0,0,0,0,0,0
PAT_985_1856_397.png,1,0,0,0,0,0
PAT_985_1856_91.png,1,0,0,0,1,0
PAT_986_1855_702.png,2,2,2,2,2,2
PAT_987_1859_724.png,0,0,0,0,1,0
PAT_988_1858_453.png,1,0,0,0,0,0
PAT_988_1858_944.png,1,0,1,0,1,1
PAT_989_1861_156.png,2,1,2,2,2,2
PAT_990_1860_636.png,2,1,1,1,1,1
PAT_990_1860_478.png,2,1,1,1,1,1
PAT_992_1864_653.png,1,0,1,0,1,1
PAT_993_1865_559.png,0,0,0,0,0,0
PAT_994_1866_913.png,0,0,0,0,0,0
PAT_994_1866_730.png,0,0,0,0,0,0
PAT_995_1867_5.png,1,0,0,0,0,0
PAT_995_1867_165.png,1,0,0,0,0,0