img_id,Rating_1,Rating_2,Rating_3,Rating_4,Rating_5
"746,PAT_8_15_820.png",1,1,1,0,1
"1709,PAT_9_17_80.png",1,0,0,0,1
"1637,PAT_10_18_830.png",2,2,2,2,2
"1989,PAT_13_21_350.png",1,0,0,0,0
"1949,PAT_14_22_850.png",0,0,0,0,0
"234,PAT_15_1001_749.png",0,0,0,0,0
"710,PAT_15_23_240.png",1,0,0,0,0
"1175,PAT_15_3138_959.png",0,0,0,0,0
"847,PAT_16_24_691.png",0,0,0,1,0
"538,PAT_20_30_44.png",1,0,1,0,1
"1618,PAT_20_29_850.png",1,0,0,0,0
"240,PAT_21_982_266.png",0,0,0,0,0
"2146,PAT_21_31_965.png",2,2,2,2,2
"62,PAT_26_37_865.png",0,0,0,0,0
"1032,PAT_27_38_240.png",0,0,0,0,0
"1007,PAT_29_40_561.png",1,0,0,1,0
"2237,PAT_30_41_815.png",0,0,1,2,0
"1814,PAT_31_42_680.png",2,1,2,2,2
"2055,PAT_31_43_129.png",0,0,0,0,0
"1305,PAT_32_44_211.png",0,0,0,0,0
"171,PAT_34_47_108.png",0,0,0,0,0
"520,PAT_35_48_43.png",0,0,0,0,0
"694,PAT_36_49_935.png",1,0,0,1,1
"1966,PAT_36_50_14.png",0,0,0,0,0
"14,PAT_38_54_234.png",2,1,1,0,2
"476,PAT_38_1002_34.png",2,1,1,1,2
"537,PAT_38_1003_68.png",2,1,2,1,2
"1002,PAT_38_1003_226.png",2,2,2,2,2
"1840,PAT_38_53_198.png",0,0,0,0,0
"1850,PAT_38_1002_668.png",2,2,2,2,2
"280,PAT_39_55_233.png",1,1,1,1,1
"575,PAT_40_1026_312.png",0,0,0,1,0
"1074,PAT_40_56_160.png",2,1,1,1,0
"2200,PAT_40_56_499.png",2,1,1,0,0
"1777,PAT_41_57_2.png",1,0,0,0,0
"27,PAT_42_58_13.png",1,0,0,0,0
"905,PAT_43_1017_483.png",0,0,0,0,0
"2214,PAT_43_61_210.png",0,0,0,0,0
"547,PAT_44_63_151.png",1,0,1,0,0
"1681,PAT_45_65_551.png",1,0,1,0,1
"2255,PAT_45_66_822.png",1,0,1,0,0
"1,PAT_46_881_939.png",2,0,0,0,0
"491,PAT_46_879_225.png",1,0,0,0,0
"1374,PAT_46_880_308.png",0,0,0,0,0
"1675,PAT_46_881_14.png",2,0,0,0,0
"1985,PAT_46_879_386.png",1,0,0,0,0
"2294,PAT_46_880_140.png",1,0,0,0,0
"539,PAT_48_74_402.png",0,0,0,0,0
"1468,PAT_48_74_309.png",0,0,0,0,0
"613,PAT_49_75_326.png",1,0,0,0,0
"855,PAT_50_76_296.png",0,0,0,0,0
"1863,PAT_50_76_728.png",0,0,0,0,0
"1866,PAT_51_78_959.png",0,0,0,0,0
"54,PAT_53_1370_245.png",1,0,0,0,0
"584,PAT_53_82_940.png",0,0,0,0,0
"774,PAT_53_1370_288.png",0,0,0,0,0
"959,PAT_53_1144_892.png",1,1,1,1,1
"1022,PAT_53_81_522.png",0,0,0,0,0
"1455,PAT_53_81_194.png",0,0,0,0,0
"1573,PAT_53_82_657.png",0,0,0,0,0
"202,PAT_54_83_405.png",0,0,0,0,0
"98,PAT_55_84_506.png",0,0,0,0,0
"1774,PAT_55_85_884.png",1,0,0,0,1
"210,PAT_56_86_479.png",1,0,0,0,1
"898,PAT_56_86_802.png",1,0,0,0,1
"1919,PAT_56_88_274.png",1,0,0,0,1
"579,PAT_57_90_910.png",1,0,0,0,0
"1536,PAT_58_91_143.png",1,0,0,1,1
"1965,PAT_58_91_845.png",1,0,0,1,1
"285,PAT_59_94_849.png",1,0,0,0,0
"975,PAT_59_93_342.png",0,0,0,0,0
"1712,PAT_59_46_537.png",1,0,0,0,0
"1911,PAT_59_93_573.png",0,0,0,0,0
"651,PAT_61_299_74.png",0,1,0,1,1
"1708,PAT_62_97_868.png",0,0,0,0,0
"145,PAT_63_1075_498.png",1,0,0,0,1
"496,PAT_63_98_187.png",0,0,0,0,1
"795,PAT_63_99_189.png",1,0,1,0,1
"812,PAT_63_99_736.png",1,0,1,0,0
"1521,PAT_63_98_127.png",1,0,1,0,1
"1901,PAT_63_1075_331.png",0,0,0,0,0
"543,PAT_65_101_847.png",0,0,0,0,0
"873,PAT_67_104_730.png",1,1,0,1,1
"1251,PAT_67_104_695.png",1,0,0,1,0
"805,PAT_68_105_871.png",2,2,2,2,2
"544,PAT_69_1053_540.png",1,0,1,0,0
"2058,PAT_69_1053_332.png",1,0,0,0,0
"1627,PAT_70_107_591.png",2,1,2,2,2
"2108,PAT_70_107_155.png",0,0,0,0,0
"756,PAT_71_108_56.png",0,0,0,0,0
"913,PAT_71_108_617.png",0,0,0,0,0
"1886,PAT_71_145_971.png",2,1,1,1,2
"849,PAT_72_110_647.png",0,0,0,0,0
"1551,PAT_72_110_944.png",0,0,0,0,0
"454,PAT_73_111_435.png",0,0,0,0,0
"1954,PAT_73_111_609.png",1,0,0,0,0
"383,PAT_74_112_729.png",1,0,0,0,0
"854,PAT_75_114_73.png",2,1,1,1,1
"1062,PAT_75_113_165.png",0,0,0,0,0
"2120,PAT_75_113_647.png",0,0,0,0,0
"194,PAT_76_1039_269.png",1,1,0,0,1
"2096,PAT_78_118_164.png",0,0,0,0,0
"2125,PAT_78_118_685.png",0,0,0,0,0
"33,PAT_79_120_532.png",1,0,1,0,0
"271,PAT_79_120_739.png",2,0,1,1,2
"2097,PAT_81_123_52.png",0,0,0,1,0
"191,PAT_82_125_365.png",1,0,0,0,0
"432,PAT_82_125_525.png",0,0,0,0,0
"2193,PAT_82_125_907.png",1,0,0,0,0
"1181,PAT_83_126_820.png",1,1,1,1,1
"1677,PAT_83_126_513.png",1,1,1,1,1
"1969,PAT_84_128_233.png",1,0,1,0,1
"654,PAT_85_129_225.png",0,0,0,0,0
"1652,PAT_85_129_980.png",0,0,0,0,0
"2150,PAT_85_129_896.png",0,0,0,0,0
"700,PAT_86_1109_306.png",0,0,0,0,0
"703,PAT_86_1082_41.png",1,0,1,0,0
"747,PAT_86_1109_164.png",1,0,0,0,0
"1299,PAT_86_1082_220.png",0,0,0,0,0
"1401,PAT_86_131_107.png",0,0,0,0,0
"490,PAT_87_133_391.png",0,0,0,0,0
"1527,PAT_87_133_810.png",0,0,0,0,0
"2160,PAT_87_133_159.png",0,0,0,0,0
"1244,PAT_88_133_64.png",1,0,1,0,0
"1413,PAT_89_135_11.png",0,0,0,0,0
"497,PAT_90_219_648.png",1,1,1,1,1
"797,PAT_90_138_369.png",0,0,0,0,0
"940,PAT_90_139_57.png",0,0,0,0,0
"2248,PAT_90_138_605.png",1,0,0,0,0
"1751,PAT_91_354_332.png",1,0,0,0,0
"1767,PAT_91_356_273.png",1,0,0,0,0
"1819,PAT_91_356_74.png",1,0,1,0,1
"1848,PAT_91_356_456.png",1,0,1,0,1
"2064,PAT_91_140_664.png",1,0,0,0,1
"406,PAT_92_141_551.png",1,1,2,1,2
"314,PAT_93_142_269.png",1,1,1,1,1
"1100,PAT_96_150_743.png",0,0,0,0,0
"825,PAT_97_151_503.png",1,0,1,0,1
"2235,PAT_97_151_587.png",2,1,2,1,2
"85,PAT_98_152_562.png",1,1,2,2,1
"1403,PAT_99_153_636.png",0,0,0,0,0
"1956,PAT_100_393_898.png",1,0,0,0,0
"2203,PAT_100_393_595.png",0,0,0,0,0
"451,PAT_101_1041_651.png",1,0,0,0,1
"1743,PAT_101_1041_658.png",1,0,1,0,1
"2077,PAT_101_1041_898.png",1,0,0,0,0
"1107,PAT_104_1754_276.png",0,0,0,0,0
"1773,PAT_104_1755_320.png",0,0,0,0,0
"2182,PAT_104_1756_151.png",0,0,0,0,0
"24,PAT_106_159_325.png",0,0,0,0,0
"399,PAT_106_158_249.png",1,0,0,0,0
"2177,PAT_106_158_270.png",1,0,0,0,0
"30,PAT_107_160_609.png",0,0,0,0,0
"345,PAT_108_162_660.png",1,0,0,0,0
"419,PAT_108_161_423.png",1,1,0,1,1
"503,PAT_108_162_526.png",1,0,0,0,0
"820,PAT_108_424_944.png",1,0,0,0,1
"1218,PAT_108_161_878.png",1,0,0,0,1
"1540,PAT_108_161_575.png",1,1,0,1,1
"434,PAT_109_868_723.png",2,1,2,1,1
"740,PAT_109_868_113.png",1,1,1,1,1
"1288,PAT_110_165_583.png",0,0,0,0,0
"1314,PAT_110_397_52.png",0,0,0,0,0
"540,PAT_112_168_360.png",0,0,0,0,0
"1578,PAT_112_171_863.png",2,2,2,2,2
"2178,PAT_113_172_610.png",1,0,0,0,1
"1701,PAT_114_173_213.png",1,0,1,0,1
"215,PAT_115_175_206.png",0,0,0,0,0
"296,PAT_115_1138_870.png",1,0,0,0,0
"439,PAT_115_176_455.png",1,0,0,0,0
"457,PAT_115_175_283.png",0,0,0,0,0
"676,PAT_115_177_575.png",1,0,0,0,0
"1570,PAT_115_177_622.png",1,0,0,0,1
"2169,PAT_115_1138_970.png",0,0,0,0,0
"7,PAT_117_179_983.png",1,0,0,1,1
"140,PAT_118_180_386.png",0,0,0,0,0
"2103,PAT_118_180_500.png",0,0,0,0,0
"1373,PAT_119_181_684.png",0,0,0,0,0
"1704,PAT_120_183_623.png",1,1,1,1,1
"265,PAT_121_184_502.png",0,0,0,0,0
"828,PAT_122_185_957.png",0,0,0,0,0
"1396,PAT_122_869_60.png",0,0,0,0,0
"972,PAT_123_186_718.png",0,0,0,0,0
"1489,PAT_123_187_164.png",1,0,0,0,0
"818,PAT_126_191_304.png",1,0,0,0,0
"1204,PAT_126_190_376.png",0,0,0,0,0
"2269,PAT_126_192_208.png",0,0,0,0,0
"394,PAT_128_194_144.png",0,0,0,0,0
"581,PAT_128_194_28.png",0,0,0,0,0
"309,PAT_131_197_974.png",1,0,0,0,0
"2221,PAT_131_197_260.png",1,0,0,0,0
"1679,PAT_132_198_114.png",0,0,0,0,0
"31,PAT_134_201_587.png",1,0,0,0,0
"1437,PAT_135_202_105.png",0,0,0,0,0
"1631,PAT_135_202_695.png",1,0,0,0,0
"2244,PAT_135_202_593.png",1,0,0,0,0
"2282,PAT_136_203_436.png",0,0,0,0,0
"796,PAT_138_205_296.png",2,1,1,1,1
"1499,PAT_138_206_507.png",2,2,2,2,2
"2130,PAT_139_207_342.png",0,0,0,0,0
"1683,PAT_141_209_438.png",1,0,0,0,1
"990,PAT_142_210_904.png",1,0,0,0,0
"1421,PAT_143_213_489.png",1,1,2,1,1
"340,PAT_145_216_158.png",0,0,0,0,0
"1788,PAT_145_216_924.png",1,0,0,0,0
"2049,PAT_145_216_110.png",0,0,0,0,0
"1994,PAT_146_217_187.png",1,1,1,1,1
"1034,PAT_147_219_544.png",1,1,1,1,1
"1633,PAT_147_219_206.png",1,1,1,1,1
"2148,PAT_148_220_174.png",2,2,2,2,2
"2147,PAT_149_221_679.png",0,0,1,0,0
"988,PAT_150_1799_644.png",1,0,0,0,0
"1385,PAT_151_227_63.png",0,0,0,0,0
"850,PAT_152_230_934.png",1,0,0,0,0
"1539,PAT_152_230_707.png",1,0,0,0,0
"587,PAT_153_1200_541.png",1,0,1,1,1
"838,PAT_153_233_45.png",2,1,1,1,1
"808,PAT_154_237_625.png",2,1,0,1,1
"885,PAT_154_235_162.png",0,0,0,0,0
"1081,PAT_154_235_30.png",0,0,0,0,0
"1625,PAT_154_237_2.png",2,1,2,1,1
"1699,PAT_154_236_800.png",1,0,1,0,0
"582,PAT_155_240_211.png",1,0,1,1,1
"1628,PAT_155_238_413.png",2,2,2,2,2
"1277,PAT_156_241_538.png",0,0,0,0,0
"1406,PAT_158_621_68.png",0,0,0,0,0
"1731,PAT_158_243_947.png",1,0,0,0,0
"965,PAT_159_246_630.png",1,0,0,0,0
"1446,PAT_159_244_102.png",0,0,0,0,0
"2121,PAT_159_245_181.png",1,0,0,0,0
"1366,PAT_160_248_254.png",2,2,2,2,2
"2265,PAT_160_249_76.png",2,2,2,2,2
"333,PAT_161_250_338.png",0,0,0,0,0
"1944,PAT_161_250_197.png",0,0,0,0,0
"174,PAT_162_252_773.png",1,0,1,0,0
"1140,PAT_163_254_719.png",1,0,0,0,0
"1008,PAT_164_255_119.png",0,0,0,0,0
"1752,PAT_164_255_130.png",0,0,0,0,0
"1804,PAT_165_256_460.png",2,1,1,1,1
"749,PAT_166_3672_759.png",1,0,0,0,0
"1853,PAT_166_257_586.png",1,0,1,0,1
"201,PAT_167_258_711.png",1,0,0,0,0
"985,PAT_167_684_365.png",2,2,2,2,2
"2046,PAT_167_258_479.png",1,0,1,0,1
"123,PAT_168_1486_97.png",1,0,0,0,1
"735,PAT_168_262_74.png",1,1,0,1,1
"922,PAT_168_260_654.png",2,2,2,2,2
"1000,PAT_168_262_292.png",1,1,1,1,1
"1778,PAT_168_261_38.png",2,2,2,2,2
"2016,PAT_169_694_411.png",1,0,0,0,2
"311,PAT_170_264_785.png",1,0,0,0,0
"479,PAT_171_265_757.png",1,0,0,0,0
"2083,PAT_172_267_557.png",1,0,0,0,0
"2271,PAT_172_266_950.png",0,0,0,0,0
"1126,PAT_173_268_1000.png",0,0,0,0,0
"1363,PAT_176_273_423.png",0,0,0,0,0
"361,PAT_177_275_905.png",0,0,0,0,0
"1018,PAT_177_775_786.png",1,0,1,0,2
"1261,PAT_177_274_865.png",0,0,0,0,0
"1754,PAT_177_274_371.png",0,0,0,0,0
"1657,PAT_178_276_465.png",0,0,0,0,0
"430,PAT_179_278_331.png",1,0,0,0,1
"518,PAT_179_277_436.png",1,0,0,0,0
"656,PAT_180_279_377.png",0,0,0,0,0
"1013,PAT_180_279_746.png",1,0,0,0,0
"1735,PAT_180_756_831.png",0,0,0,0,0
"1974,PAT_181_280_417.png",2,1,1,1,2
"2268,PAT_181_281_54.png",2,2,2,2,2
"56,PAT_183_283_495.png",1,0,0,0,0
"889,PAT_183_283_602.png",0,0,0,0,0
"787,PAT_184_284_721.png",0,0,0,0,0
"251,PAT_185_285_862.png",1,0,0,0,0
"1576,PAT_185_285_97.png",1,1,1,1,1
"1466,PAT_186_286_109.png",1,1,1,1,1
"1897,PAT_187_287_482.png",1,0,0,0,0
"660,PAT_188_289_908.png",0,0,0,0,0
"1903,PAT_188_289_859.png",0,0,0,0,0
"2275,PAT_190_291_366.png",0,0,0,0,0
"478,PAT_191_294_629.png",0,0,0,0,0
"1315,PAT_191_294_419.png",0,0,0,0,0
"1695,PAT_191_293_391.png",0,0,0,0,0
"1978,PAT_191_293_314.png",0,0,0,0,0
"2194,PAT_191_293_699.png",0,0,0,0,0
"313,PAT_192_295_164.png",0,0,0,0,0
"989,PAT_192_296_824.png",1,2,2,2,1
"2270,PAT_192_884_310.png",1,0,0,0,1
"1921,PAT_193_297_295.png",0,0,0,0,0
"501,PAT_194_298_945.png",0,0,0,0,0
"1512,PAT_194_298_367.png",0,0,0,0,0
"712,PAT_196_300_749.png",0,0,0,0,0
"1292,PAT_197_301_449.png",1,0,0,0,0
"1387,PAT_197_301_198.png",1,0,0,0,0
"793,PAT_198_302_44.png",0,0,0,0,0
"861,PAT_198_853_778.png",0,0,0,0,0
"1555,PAT_200_304_139.png",0,0,0,0,0
"1370,PAT_201_946_262.png",2,2,2,2,2
"1967,PAT_201_306_781.png",0,0,0,0,0
"606,PAT_202_307_424.png",1,0,0,0,0
"1454,PAT_202_307_927.png",0,0,0,0,0
"2128,PAT_202_308_692.png",1,0,0,0,0
"2211,PAT_202_308_721.png",1,0,0,0,0
"695,PAT_204_310_975.png",0,0,0,0,0
"1650,PAT_205_311_255.png",1,0,1,1,1
"196,PAT_206_312_760.png",1,1,1,2,1
"1622,PAT_206_312_595.png",1,1,1,2,1
"146,PAT_207_3951_140.png",1,1,1,1,1
"356,PAT_207_313_709.png",1,0,1,0,1
"682,PAT_207_1280_15.png",2,2,2,2,2
"1123,PAT_207_313_1.png",1,0,1,0,1
"1642,PAT_208_314_741.png",1,0,1,0,0
"1210,PAT_210_316_401.png",0,0,0,0,0
"423,PAT_211_319_777.png",1,1,1,1,1
"563,PAT_211_319_810.png",1,1,1,1,1
"1240,PAT_211_318_942.png",0,0,0,0,0
"1367,PAT_211_317_649.png",0,0,0,0,0
"917,PAT_212_327_532.png",0,0,0,0,0
"1467,PAT_212_326_597.png",0,0,0,0,0
"2062,PAT_213_328_117.png",2,2,2,2,2
"341,PAT_214_329_70.png",2,1,2,2,2
"2219,PAT_214_329_300.png",1,1,1,1,2
"2069,PAT_215_330_341.png",1,0,0,0,1
"2245,PAT_215_330_224.png",1,0,0,0,1
"168,PAT_216_331_678.png",1,2,1,2,1
"449,PAT_217_333_61.png",1,0,1,1,1
"697,PAT_217_963_806.png",1,1,1,1,1
"1052,PAT_217_1290_283.png",0,0,0,0,0
"1802,PAT_217_1291_419.png",0,0,0,0,0
"2126,PAT_217_332_906.png",0,0,0,0,0
"657,PAT_219_336_376.png",2,2,2,2,2
"2260,PAT_219_337_358.png",0,0,0,0,0
"722,PAT_220_1343_489.png",0,0,0,0,0
"2056,PAT_220_338_339.png",1,0,0,0,0
"212,PAT_221_339_566.png",0,0,0,0,0
"729,PAT_221_339_951.png",0,0,0,0,0
"707,PAT_223_341_187.png",1,0,0,0,0
"2115,PAT_223_1068_246.png",0,0,0,0,0
"2205,PAT_223_1067_569.png",0,0,0,0,0
"485,PAT_224_1340_551.png",1,2,2,2,2
"792,PAT_224_1340_142.png",1,2,2,1,2
"928,PAT_224_343_782.png",0,0,0,0,0
"911,PAT_225_345_903.png",1,1,1,1,2
"600,PAT_227_347_19.png",1,1,1,1,1
"206,PAT_228_348_535.png",0,0,0,0,0
"1705,PAT_228_348_2.png",1,0,0,0,0
"1585,PAT_229_349_256.png",1,0,0,0,0
"2259,PAT_229_349_141.png",1,0,0,0,0
"589,PAT_230_351_720.png",0,0,0,0,0
"715,PAT_230_1008_673.png",0,0,0,0,0
"1417,PAT_230_1007_645.png",1,0,0,0,0
"1730,PAT_230_350_872.png",0,0,0,0,0
"1918,PAT_230_1009_92.png",0,0,0,0,0
"412,PAT_233_354_935.png",1,1,0,0,0
"1668,PAT_233_986_663.png",0,0,1,1,1
"2041,PAT_233_354_828.png",0,0,0,0,0
"467,PAT_235_360_50.png",2,2,2,0,0
"60,PAT_236_361_180.png",2,2,2,2,2
"1351,PAT_236_1071_810.png",0,0,2,2,2
"634,PAT_237_362_909.png",1,0,0,0,0
"1166,PAT_237_362_52.png",0,0,0,0,0
"1769,PAT_237_363_344.png",0,0,0,0,0
"1963,PAT_237_363_858.png",0,0,0,0,0
"1009,PAT_238_364_387.png",0,0,0,0,0
"1526,PAT_240_366_768.png",0,0,0,0,0
"82,PAT_241_367_89.png",1,0,0,0,1
"107,PAT_241_367_374.png",0,0,0,0,0
"683,PAT_242_368_261.png",0,0,0,0,0
"1534,PAT_242_369_337.png",1,0,0,0,0
"1988,PAT_242_369_930.png",1,0,0,0,0
"225,PAT_243_372_119.png",0,0,0,0,0
"1435,PAT_243_372_640.png",0,0,0,0,0
"1516,PAT_244_374_726.png",0,0,0,0,0
"1134,PAT_245_376_24.png",1,0,0,0,1
"1568,PAT_245_376_197.png",2,2,2,2,2
"842,PAT_246_377_159.png",1,1,1,1,1
"527,PAT_247_1293_449.png",1,1,1,1,1
"616,PAT_247_378_484.png",2,2,2,2,2
"2094,PAT_247_1294_292.png",0,0,0,0,0
"1991,PAT_248_379_695.png",1,1,1,1,1
"181,PAT_249_380_366.png",1,1,1,1,1
"895,PAT_251_382_164.png",0,0,0,0,0
"1444,PAT_251_382_240.png",0,0,0,0,0
"1976,PAT_251_382_576.png",0,0,0,0,0
"1098,PAT_252_383_31.png",1,0,0,0,1
"1416,PAT_252_383_389.png",1,0,0,0,1
"771,PAT_253_384_607.png",2,1,2,1,2
"402,PAT_255_388_77.png",1,2,2,2,1
"926,PAT_255_388_231.png",2,2,2,2,2
"214,PAT_256_295_583.png",0,0,0,0,0
"220,PAT_256_394_449.png",1,0,0,0,1
"242,PAT_257_395_866.png",1,0,0,0,0
"1855,PAT_257_396_494.png",1,0,0,0,0
"921,PAT_258_397_198.png",1,0,0,0,0
"326,PAT_259_399_801.png",0,0,0,0,0
"1113,PAT_260_1289_396.png",1,1,1,1,2
"1513,PAT_260_400_842.png",1,0,0,0,0
"1923,PAT_260_400_566.png",0,0,0,0,0
"1287,PAT_261_401_911.png",0,0,0,0,0
"1605,PAT_262_402_14.png",0,0,0,0,0
"1670,PAT_262_402_265.png",1,0,0,0,0
"114,PAT_263_404_410.png",1,0,0,0,1
"1386,PAT_263_403_966.png",0,0,0,0,0
"1869,PAT_263_403_382.png",1,0,0,0,0
"1937,PAT_263_1480_753.png",1,1,1,1,1
"391,PAT_264_405_118.png",0,0,0,0,0
"1462,PAT_264_1368_868.png",0,0,0,0,0
"45,PAT_265_406_276.png",0,0,0,0,0
"1141,PAT_265_407_421.png",1,0,0,0,1
"1450,PAT_265_407_137.png",0,0,0,0,0
"1451,PAT_265_1371_303.png",0,0,0,0,0
"177,PAT_267_412_275.png",2,2,2,2,1
"708,PAT_267_1061_152.png",0,0,0,0,0
"1036,PAT_267_1062_418.png",0,0,0,0,0
"1577,PAT_267_1258_693.png",0,0,0,0,1
"1742,PAT_267_411_513.png",1,1,1,1,2
"2172,PAT_267_1061_324.png",0,0,0,0,0
"1122,PAT_268_413_643.png",0,0,0,0,0
"1066,PAT_269_415_103.png",1,2,2,2,1
"1895,PAT_269_415_906.png",2,2,2,2,2
"293,PAT_270_1386_755.png",0,0,0,0,0
"310,PAT_270_1382_561.png",0,0,0,0,0
"517,PAT_270_416_398.png",0,0,0,0,0
"1086,PAT_270_1387_430.png",0,0,0,0,0
"1342,PAT_270_417_257.png",0,1,0,1,0
"1483,PAT_270_1384_995.png",0,0,0,0,0
"1827,PAT_270_417_728.png",1,0,0,0,1
"1593,PAT_271_418_92.png",0,0,0,0,0
"1641,PAT_271_418_14.png",0,0,0,0,0
"1006,PAT_272_419_906.png",0,0,0,0,0
"1697,PAT_272_420_25.png",0,0,0,0,0
"1950,PAT_272_420_10.png",0,0,0,0,0
"2291,PAT_273_421_905.png",1,1,1,1,1
"1756,PAT_274_423_374.png",0,0,0,0,0
"1706,PAT_275_424_966.png",2,2,2,2,2
"94,PAT_276_425_539.png",0,0,0,0,0
"871,PAT_277_426_825.png",0,0,0,0,0
"1001,PAT_277_427_658.png",0,0,0,0,0
"2018,PAT_277_1309_814.png",0,0,0,0,0
"512,PAT_279_429_142.png",2,2,2,2,2
"562,PAT_279_1393_118.png",1,2,2,2,2
"2252,PAT_279_430_356.png",0,2,2,2,2
"159,PAT_280_431_466.png",0,0,0,0,0
"122,PAT_281_1516_753.png",1,1,1,1,1
"1289,PAT_281_1517_293.png",0,0,0,0,0
"1617,PAT_281_432_813.png",0,0,0,0,1
"2230,PAT_281_1518_571.png",0,0,0,0,0
"1276,PAT_282_433_934.png",0,1,1,1,1
"332,PAT_286_1458_381.png",2,2,2,2,2
"435,PAT_286_1459_926.png",0,0,0,0,0
"731,PAT_286_1459_666.png",0,0,0,0,0
"759,PAT_287_440_729.png",0,0,0,0,0
"76,PAT_288_441_312.png",2,2,2,2,2
"47,PAT_289_1399_481.png",0,0,0,0,2
"488,PAT_289_442_43.png",2,2,2,2,0
"1469,PAT_290_445_988.png",2,2,2,2,2
"1623,PAT_290_445_686.png",2,2,2,2,2
"319,PAT_291_446_704.png",0,0,0,0,0
"720,PAT_294_638_564.png",0,0,0,0,0
"1832,PAT_295_639_240.png",0,0,0,0,0
"1765,PAT_296_640_206.png",0,0,0,0,0
"798,PAT_297_4307_924.png",0,0,0,0,0
"1270,PAT_299_1452_1.png",1,1,1,1,1
"1906,PAT_299_1455_759.png",0,0,0,0,0
"190,PAT_300_648_84.png",1,0,0,0,1
"1497,PAT_300_1478_445.png",0,0,0,0,0
"1533,PAT_300_647_501.png",0,0,0,0,0
"1935,PAT_300_1689_862.png",1,0,0,0,1
"526,PAT_301_649_533.png",0,0,0,0,0
"28,PAT_302_651_529.png",1,0,0,0,0
"261,PAT_302_1633_845.png",0,0,0,0,0
"1753,PAT_302_650_477.png",1,0,0,0,1
"1307,PAT_303_652_342.png",0,0,0,1,1
"1812,PAT_303_652_943.png",1,1,1,1,1
"470,PAT_304_4186_458.png",2,2,2,2,2
"1612,PAT_304_653_446.png",0,1,1,1,1
"691,PAT_305_655_30.png",1,0,0,0,0
"180,PAT_306_1646_903.png",0,0,0,0,0
"1360,PAT_306_1646_971.png",1,1,1,1,2
"1772,PAT_306_658_825.png",0,0,0,0,0
"397,PAT_307_659_85.png",0,0,0,0,0
"1484,PAT_307_1458_363.png",0,1,1,1,1
"2081,PAT_307_1685_651.png",0,0,0,0,1
"1787,PAT_308_661_184.png",1,0,0,0,1
"1106,PAT_309_663_812.png",0,0,0,0,0
"1596,PAT_309_662_76.png",0,0,0,0,0
"2192,PAT_309_662_737.png",0,0,0,0,0
"726,PAT_311_666_191.png",0,0,0,0,0
"1632,PAT_311_667_416.png",0,0,0,0,0
"1722,PAT_312_668_480.png",0,0,0,0,0
"1076,PAT_313_669_908.png",2,2,2,2,2
"1566,PAT_313_669_935.png",2,2,2,2,2
"925,PAT_314_672_909.png",1,1,1,1,1
"283,PAT_315_673_227.png",0,0,0,0,0
"224,PAT_316_674_924.png",0,0,0,0,0
"1241,PAT_316_674_318.png",0,0,0,0,0
"1260,PAT_316_1457_353.png",0,0,0,0,1
"2050,PAT_317_675_144.png",0,0,0,0,0
"1984,PAT_318_677_278.png",0,0,0,0,0
"126,PAT_319_680_832.png",0,0,0,0,0
"425,PAT_319_679_533.png",0,0,0,0,1
"522,PAT_319_680_166.png",0,0,0,0,0
"1691,PAT_319_678_357.png",1,0,0,0,0
"1537,PAT_320_681_724.png",2,2,2,2,2
"2190,PAT_320_681_410.png",2,2,2,2,2
"1553,PAT_321_682_236.png",1,1,1,1,1
"1835,PAT_323_686_356.png",1,1,1,1,2
"2039,PAT_323_687_169.png",1,0,0,0,1
"1564,PAT_324_1464_266.png",1,0,0,0,1
"2052,PAT_324_1465_43.png",1,0,0,0,0
"1027,PAT_325_689_528.png",0,0,0,0,0
"1798,PAT_325_1506_999.png",1,0,0,0,0
"1929,PAT_325_1506_440.png",1,0,0,0,0
"574,PAT_326_690_797.png",0,0,0,0,0
"2296,PAT_326_690_823.png",0,0,0,0,0
"1711,PAT_328_692_681.png",1,0,0,0,1
"153,PAT_330_698_211.png",2,2,2,2,2
"390,PAT_330_1438_323.png",0,0,0,0,0
"647,PAT_330_696_894.png",1,1,1,1,1
"814,PAT_330_695_90.png",0,0,0,0,0
"964,PAT_330_698_302.png",2,2,2,2,2
"976,PAT_330_1440_532.png",0,0,0,0,0
"1263,PAT_330_1437_458.png",0,0,0,0,0
"1308,PAT_330_695_296.png",1,0,0,0,0
"1440,PAT_330_1437_506.png",0,0,0,0,0
"1601,PAT_330_697_575.png",1,0,0,0,0
"58,PAT_333_1469_499.png",1,0,0,0,0
"481,PAT_333_1468_620.png",1,0,0,0,1
"1844,PAT_333_702_840.png",0,0,0,0,0
"1838,PAT_334_703_907.png",1,1,1,1,1
"2266,PAT_336_705_711.png",0,0,0,0,0
"678,PAT_337_706_254.png",0,0,0,0,0
"757,PAT_337_706_944.png",0,0,0,0,0
"947,PAT_337_706_598.png",0,0,0,0,0
"2199,PAT_337_1697_721.png",1,2,2,2,2
"286,PAT_338_710_319.png",1,0,0,0,1
"840,PAT_338_709_306.png",1,1,1,1,1
"1418,PAT_338_707_774.png",1,0,0,0,0
"1586,PAT_338_710_93.png",1,0,0,0,0
"281,PAT_340_714_68.png",0,0,0,0,0
"995,PAT_340_714_314.png",0,0,0,0,0
"1720,PAT_341_715_180.png",0,0,0,0,0
"1127,PAT_342_716_316.png",0,0,0,0,0
"1776,PAT_342_716_845.png",0,0,0,0,0
"1090,PAT_343_717_927.png",2,2,2,2,2
"1028,PAT_344_718_206.png",0,0,0,0,0
"1514,PAT_345_719_815.png",1,0,0,0,0
"325,PAT_346_720_265.png",0,0,0,0,0
"334,PAT_349_724_750.png",0,0,0,0,0
"632,PAT_349_724_133.png",0,0,0,0,0
"1273,PAT_351_728_683.png",0,0,0,0,0
"1203,PAT_352_729_947.png",0,0,0,0,0
"348,PAT_354_1817_500.png",1,2,2,2,2
"385,PAT_354_731_155.png",0,1,1,1,1
"483,PAT_354_1814_726.png",1,1,1,1,1
"790,PAT_354_1814_619.png",1,1,1,1,1
"1044,PAT_354_1814_153.png",1,1,1,1,2
"1400,PAT_355_732_625.png",1,1,1,1,1
"2087,PAT_355_732_102.png",1,0,0,0,1
"661,PAT_356_736_188.png",1,1,1,1,1
"739,PAT_356_735_568.png",1,1,1,1,2
"1362,PAT_357_737_77.png",0,0,0,0,0
"148,PAT_358_738_837.png",1,0,0,0,1
"29,PAT_359_4450_86.png",1,1,1,1,2
"228,PAT_359_740_46.png",0,0,0,0,0
"1340,PAT_359_1596_68.png",1,0,0,0,1
"1614,PAT_359_741_973.png",1,1,1,1,1
"2222,PAT_359_741_966.png",1,0,0,0,1
"1875,PAT_360_742_782.png",2,2,2,2,2
"2277,PAT_360_742_768.png",2,2,2,2,2
"173,PAT_361_1568_456.png",0,0,0,0,0
"1511,PAT_361_1567_487.png",0,0,0,0,0
"1842,PAT_361_743_82.png",1,0,0,0,1
"860,PAT_362_744_283.png",0,0,0,0,0
"1309,PAT_363_746_18.png",2,1,1,1,2
"1656,PAT_363_745_516.png",1,1,1,1,1
"275,PAT_364_749_377.png",0,0,0,0,0
"1975,PAT_364_748_278.png",0,0,0,0,0
"144,PAT_365_751_709.png",0,0,0,0,0
"645,PAT_365_750_854.png",1,0,0,0,0
"592,PAT_366_752_782.png",0,0,0,0,0
"1233,PAT_366_2448_563.png",1,0,0,0,1
"1996,PAT_367_753_130.png",0,0,0,0,0
"1531,PAT_368_2427_803.png",2,2,2,2,2
"1538,PAT_368_1652_525.png",2,2,2,2,2
"1872,PAT_368_1652_733.png",2,2,2,2,2
"88,PAT_369_755_391.png",1,0,0,0,1
"1896,PAT_369_755_733.png",1,0,0,0,1
"2065,PAT_369_756_130.png",0,0,0,0,0
"910,PAT_370_2558_175.png",2,2,2,2,2
"1931,PAT_370_2558_573.png",2,2,2,2,2
"2001,PAT_370_758_322.png",2,2,2,2,2
"330,PAT_372_760_267.png",1,0,1,0,1
"381,PAT_372_760_355.png",1,0,1,0,1
"204,PAT_373_761_708.png",1,0,0,0,0
"983,PAT_373_2598_514.png",2,2,2,2,2
"2054,PAT_373_2598_235.png",2,1,2,1,2
"44,PAT_374_762_794.png",1,0,0,0,0
"260,PAT_375_763_732.png",0,0,0,0,0
"270,PAT_375_763_980.png",1,0,0,0,0
"1890,PAT_375_764_705.png",0,0,0,0,0
"103,PAT_377_1580_534.png",1,1,1,1,1
"1213,PAT_377_1580_429.png",1,1,1,1,1
"2101,PAT_377_768_643.png",0,0,0,0,0
"499,PAT_378_770_302.png",1,0,1,0,1
"1443,PAT_378_769_36.png",0,0,0,0,0
"952,PAT_379_1531_17.png",0,0,0,0,0
"1050,PAT_379_4405_969.png",2,1,1,1,2
"16,PAT_380_1540_959.png",0,0,0,0,0
"299,PAT_380_773_542.png",0,0,0,0,0
"1138,PAT_380_773_362.png",0,0,0,0,0
"1225,PAT_380_774_185.png",1,0,0,0,1
"1750,PAT_380_1540_432.png",0,0,0,0,0
"1818,PAT_380_1540_525.png",1,0,0,0,0
"268,PAT_381_775_566.png",1,0,0,0,1
"504,PAT_381_775_253.png",1,0,0,0,1
"727,PAT_382_776_986.png",0,0,0,0,0
"2007,PAT_383_777_129.png",0,0,0,0,0
"2220,PAT_383_779_429.png",1,0,0,0,0
"1493,PAT_384_782_292.png",0,0,0,0,0
"221,PAT_385_783_574.png",0,0,0,0,0
"1813,PAT_385_783_22.png",0,0,0,0,0
"863,PAT_386_1554_362.png",1,1,1,1,2
"1071,PAT_386_1554_455.png",2,2,2,2,2
"1216,PAT_386_784_470.png",1,0,0,0,0
"1600,PAT_386_1554_280.png",2,2,2,2,2
"2289,PAT_386_785_536.png",1,0,1,0,1
"1229,PAT_387_786_213.png",0,0,0,0,0
"2043,PAT_387_1614_866.png",0,0,0,0,0
"2198,PAT_387_786_782.png",0,0,0,0,0
"541,PAT_388_1590_518.png",0,0,0,0,0
"623,PAT_388_2452_548.png",1,1,1,1,1
"725,PAT_388_4500_67.png",1,1,1,1,1
"758,PAT_388_787_818.png",1,0,0,0,0
"1311,PAT_388_1590_328.png",1,0,1,0,2
"1445,PAT_388_1590_169.png",1,0,1,0,2
"1607,PAT_388_1592_850.png",0,0,0,0,0
"1964,PAT_388_1592_576.png",0,0,0,0,0
"2009,PAT_388_1589_976.png",1,1,1,1,1
"2078,PAT_388_4500_103.png",1,0,0,0,0
"2175,PAT_389_2600_833.png",1,0,0,0,0
"403,PAT_390_790_505.png",0,0,0,0,0
"955,PAT_392_792_712.png",1,2,2,2,2
"1993,PAT_392_792_22.png",1,0,0,0,1
"650,PAT_393_793_852.png",1,0,0,0,0
"41,PAT_394_1562_579.png",0,0,0,0,0
"557,PAT_394_794_235.png",1,1,1,1,1
"178,PAT_395_795_43.png",1,0,0,0,0
"165,PAT_396_796_394.png",2,2,2,2,2
"244,PAT_397_798_482.png",1,0,0,0,2
"487,PAT_397_797_742.png",1,0,0,0,1
"1110,PAT_397_797_638.png",1,1,1,1,2
"186,PAT_398_799_163.png",1,0,0,0,0
"572,PAT_400_801_376.png",0,0,0,0,0
"693,PAT_401_4594_970.png",1,0,0,0,1
"1274,PAT_402_803_739.png",0,0,0,0,0
"874,PAT_403_804_994.png",0,0,0,0,0
"2071,PAT_404_805_575.png",0,0,0,0,0
"1165,PAT_406_808_975.png",2,2,2,2,2
"1506,PAT_406_809_581.png",1,1,1,1,1
"1762,PAT_406_1542_301.png",1,1,1,1,1
"2012,PAT_406_1542_754.png",1,1,1,1,1
"2095,PAT_406_808_560.png",2,2,2,2,2
"794,PAT_407_810_390.png",0,0,0,0,0
"427,PAT_408_811_808.png",2,2,2,2,2
"93,PAT_409_812_974.png",1,0,0,0,0
"969,PAT_409_2614_805.png",1,0,0,0,0
"2163,PAT_409_2614_24.png",1,0,0,0,0
"74,PAT_411_815_692.png",2,2,2,2,2
"227,PAT_412_818_61.png",1,0,0,0,0
"643,PAT_412_817_232.png",1,0,0,0,0
"134,PAT_413_819_268.png",1,0,0,0,0
"769,PAT_413_819_550.png",2,2,2,2,2
"2286,PAT_414_822_420.png",1,0,0,0,0
"530,PAT_416_826_123.png",1,0,0,0,1
"2139,PAT_416_824_540.png",1,0,1,0,1
"1377,PAT_417_3537_45.png",1,1,1,1,1
"1946,PAT_417_828_723.png",1,1,1,1,1
"96,PAT_419_832_706.png",0,0,0,0,0
"764,PAT_419_2768_910.png",2,2,2,2,2
"1087,PAT_419_2767_323.png",1,0,0,0,0
"1924,PAT_419_833_148.png",1,0,0,0,0
"1491,PAT_420_834_948.png",2,2,2,2,2
"1644,PAT_420_834_450.png",2,2,2,2,2
"1471,PAT_422_837_683.png",1,0,0,0,1
"2004,PAT_422_837_617.png",1,0,0,0,0
"1661,PAT_423_839_596.png",2,2,2,2,2
"1847,PAT_423_839_717.png",0,0,0,0,1
"389,PAT_425_841_644.png",0,0,0,0,0
"120,PAT_426_842_458.png",0,0,0,0,0
"1235,PAT_428_845_189.png",0,0,0,0,0
"95,PAT_430_848_476.png",0,0,0,0,0
"602,PAT_430_847_315.png",1,0,0,0,0
"1320,PAT_430_848_550.png",0,0,0,0,0
"595,PAT_431_850_472.png",0,0,0,0,0
"652,PAT_432_851_560.png",0,0,0,0,0
"1031,PAT_432_851_386.png",0,0,0,0,0
"593,PAT_433_852_20.png",1,0,1,1,0
"1665,PAT_433_2650_417.png",0,0,0,0,0
"25,PAT_435_854_68.png",1,0,0,0,1
"1502,PAT_437_857_425.png",1,0,0,0,0
"344,PAT_439_859_283.png",1,0,0,0,0
"923,PAT_439_2887_834.png",0,0,0,0,0
"1959,PAT_439_859_84.png",0,0,0,0,0
"124,PAT_441_861_415.png",0,0,0,0,0
"1702,PAT_441_861_542.png",0,0,0,0,0
"1874,PAT_441_2868_663.png",0,0,0,0,0
"1425,PAT_442_863_795.png",0,0,0,0,0
"2185,PAT_443_864_894.png",0,0,0,0,0
"1927,PAT_445_871_524.png",1,0,0,0,0
"1332,PAT_447_873_329.png",0,0,0,0,0
"935,PAT_448_875_81.png",0,0,0,0,0
"1317,PAT_451_878_890.png",1,0,0,0,0
"1852,PAT_451_878_634.png",0,0,0,0,0
"577,PAT_452_882_896.png",0,0,0,0,0
"1909,PAT_453_883_719.png",1,1,1,1,1
"2059,PAT_454_884_28.png",1,1,1,1,1
"2079,PAT_455_885_115.png",1,0,0,0,1
"617,PAT_456_887_499.png",0,0,0,0,0
"1259,PAT_456_888_961.png",0,0,0,0,0
"1024,PAT_457_890_255.png",1,1,1,1,2
"1353,PAT_457_889_346.png",1,1,1,1,1
"183,PAT_458_891_709.png",1,0,1,1,1
"1599,PAT_459_892_804.png",1,0,1,0,1
"1200,PAT_460_894_242.png",1,0,0,0,0
"1611,PAT_460_893_883.png",0,0,0,0,0
"1783,PAT_460_894_401.png",0,0,0,0,0
"1817,PAT_460_893_307.png",0,0,0,0,0
"2201,PAT_460_894_429.png",0,0,0,0,0
"116,PAT_461_895_72.png",0,0,0,0,0
"337,PAT_462_896_893.png",1,1,1,0,0
"832,PAT_463_897_440.png",0,0,0,0,0
"298,PAT_464_1794_78.png",0,0,0,0,0
"813,PAT_464_899_646.png",1,1,1,1,2
"1077,PAT_464_900_548.png",0,0,0,0,0
"2109,PAT_464_1794_271.png",1,1,1,2,2
"179,PAT_465_901_627.png",0,0,0,0,0
"875,PAT_465_901_106.png",0,0,0,0,0
"188,PAT_466_903_893.png",1,0,0,0,0
"450,PAT_467_904_235.png",0,0,0,0,0
"507,PAT_467_904_776.png",1,0,0,0,0
"1188,PAT_467_904_535.png",0,0,0,0,0
"688,PAT_468_905_765.png",0,0,0,0,0
"716,PAT_470_908_103.png",0,0,0,0,0
"945,PAT_471_909_394.png",1,0,0,0,1
"1253,PAT_471_909_353.png",0,0,0,0,0
"1932,PAT_471_909_344.png",1,0,0,0,1
"1402,PAT_472_910_453.png",1,0,0,0,0
"962,PAT_473_911_610.png",0,0,0,0,0
"1381,PAT_473_911_630.png",0,0,0,0,0
"2251,PAT_474_912_879.png",1,0,1,0,1
"914,PAT_475_913_874.png",0,0,0,0,0
"1300,PAT_477_915_389.png",0,0,0,0,0
"192,PAT_478_916_806.png",1,0,0,0,1
"1212,PAT_478_916_979.png",1,0,0,0,1
"1736,PAT_478_1829_281.png",1,0,0,0,1
"1973,PAT_478_1829_141.png",1,0,0,0,1
"57,PAT_479_919_97.png",2,2,2,2,2
"1619,PAT_479_917_41.png",1,0,0,0,1
"2210,PAT_479_917_598.png",1,0,0,0,1
"1904,PAT_480_921_1.png",0,0,0,0,0
"1296,PAT_481_923_186.png",0,0,0,0,0
"1447,PAT_482_924_134.png",0,0,0,0,0
"2250,PAT_482_2928_201.png",1,1,1,1,1
"147,PAT_483_925_716.png",0,0,0,0,0
"2067,PAT_484_926_624.png",1,0,0,0,0
"279,PAT_485_928_796.png",0,1,0,1,0
"1293,PAT_486_929_274.png",0,0,0,0,0
"2180,PAT_486_929_317.png",0,0,0,0,0
"1174,PAT_487_930_973.png",1,1,1,1,1
"2159,PAT_488_931_321.png",0,0,0,0,0
"1685,PAT_489_932_138.png",0,0,0,0,0
"469,PAT_490_933_352.png",0,0,0,0,0
"1012,PAT_490_933_17.png",2,2,2,2,2
"2292,PAT_491_934_46.png",1,0,0,0,0
"110,PAT_492_937_958.png",1,1,1,1,1
"641,PAT_492_1782_752.png",1,2,2,2,2
"781,PAT_492_1784_50.png",1,2,2,2,2
"782,PAT_492_4723_890.png",1,0,1,0,1
"1070,PAT_492_937_126.png",1,1,1,1,1
"2285,PAT_492_937_43.png",1,1,1,1,1
"360,PAT_493_3016_512.png",1,1,1,1,1
"692,PAT_493_1862_360.png",2,2,2,2,2
"1025,PAT_494_939_518.png",0,0,0,0,0
"262,PAT_495_941_26.png",1,0,1,1,1
"368,PAT_497_943_580.png",0,0,0,0,0
"2284,PAT_498_944_488.png",0,0,0,0,0
"713,PAT_499_945_878.png",0,0,0,0,0
"302,PAT_500_947_77.png",0,0,0,0,0
"446,PAT_503_949_409.png",0,0,0,0,0
"1822,PAT_503_950_552.png",1,1,1,1,1
"2231,PAT_503_950_368.png",1,1,1,1,1
"1168,PAT_504_953_569.png",0,0,0,0,0
"1150,PAT_505_951_710.png",0,0,0,0,0
"1646,PAT_505_3200_856.png",0,0,0,0,0
"1114,PAT_506_957_377.png",1,0,1,0,1
"1458,PAT_507_954_812.png",0,0,0,0,0
"353,PAT_510_959_174.png",1,0,1,0,1
"968,PAT_510_959_985.png",1,0,1,0,1
"568,PAT_512_962_998.png",0,0,0,0,0
"343,PAT_513_964_343.png",0,0,0,0,0
"1667,PAT_513_964_447.png",0,0,0,0,0
"1811,PAT_513_965_496.png",1,2,1,2,1
"151,PAT_514_967_300.png",0,0,0,0,0
"448,PAT_514_967_908.png",2,2,2,2,2
"699,PAT_514_969_187.png",0,0,0,0,0
"1508,PAT_514_968_269.png",2,1,2,1,2
"1878,PAT_514_969_995.png",0,0,0,0,0
"1476,PAT_516_966_57.png",0,0,0,0,0
"546,PAT_517_972_845.png",0,0,0,0,0
"2143,PAT_517_971_88.png",2,2,2,2,2
"1478,PAT_519_979_104.png",1,0,0,0,0
"1505,PAT_520_983_221.png",1,0,0,0,0
"2140,PAT_520_983_932.png",0,0,0,0,0
"370,PAT_521_984_412.png",1,0,0,0,0
"335,PAT_522_986_305.png",0,0,0,0,0
"773,PAT_522_986_800.png",1,0,0,0,0
"904,PAT_522_985_991.png",1,1,1,1,1
"1583,PAT_522_3174_761.png",2,1,1,1,1
"2112,PAT_522_3168_747.png",2,1,2,1,2
"1327,PAT_523_988_900.png",1,0,0,0,0
"1626,PAT_523_988_851.png",1,0,0,0,0
"267,PAT_524_987_738.png",1,0,0,0,0
"232,PAT_526_991_109.png",1,1,1,1,1
"876,PAT_526_3205_611.png",1,0,0,0,0
"521,PAT_527_1359_165.png",1,1,1,1,1
"2225,PAT_527_1360_225.png",2,2,2,2,2
"783,PAT_528_992_124.png",1,1,1,1,0
"960,PAT_528_3072_615.png",1,1,1,1,1
"992,PAT_528_993_589.png",1,1,1,1,1
"659,PAT_529_994_419.png",0,0,0,0,0
"1379,PAT_530_999_696.png",0,0,0,0,0
"408,PAT_531_1004_189.png",1,1,1,1,1
"674,PAT_531_3079_652.png",1,1,1,1,1
"2135,PAT_531_1004_792.png",1,1,1,1,1
"556,PAT_532_3216_633.png",2,2,2,2,2
"1411,PAT_532_1007_854.png",0,0,0,0,0
"1144,PAT_534_1009_924.png",0,1,0,1,0
"263,PAT_535_1012_145.png",0,0,0,0,0
"836,PAT_535_1011_567.png",1,0,0,0,0
"986,PAT_535_1010_303.png",0,0,0,0,0
"1530,PAT_536_3227_442.png",1,0,0,0,0
"724,PAT_537_1014_961.png",2,2,2,2,1
"2017,PAT_537_1014_452.png",2,2,2,1,2
"514,PAT_539_1023_878.png",0,0,0,0,0
"1833,PAT_539_1023_928.png",0,0,0,0,0
"748,PAT_540_1016_644.png",1,0,0,0,0
"1797,PAT_541_3303_228.png",1,1,1,1,1
"1571,PAT_544_1028_226.png",1,1,1,1,1
"339,PAT_545_1030_854.png",0,0,0,0,0
"1220,PAT_545_1029_650.png",1,1,1,1,1
"2011,PAT_545_1031_428.png",0,0,0,0,0
"208,PAT_547_1033_911.png",0,0,0,0,0
"1688,PAT_547_1033_445.png",0,0,0,0,0
"115,PAT_549_1043_676.png",0,0,0,0,0
"742,PAT_549_1043_36.png",0,0,0,0,0
"1392,PAT_550_1045_81.png",2,2,2,2,2
"321,PAT_551_1047_567.png",1,0,0,0,0
"2156,PAT_553_1049_461.png",0,0,0,0,0
"1488,PAT_554_1051_301.png",1,0,0,0,0
"872,PAT_557_1058_309.png",0,0,0,0,0
"821,PAT_558_1072_486.png",0,0,0,0,0
"1226,PAT_559_1093_774.png",2,1,2,1,2
"378,PAT_561_1069_418.png",1,1,1,1,1
"1749,PAT_561_1068_909.png",1,0,2,1,2
"2089,PAT_561_1068_557.png",1,0,0,0,0
"2113,PAT_562_1110_360.png",1,0,0,0,1
"1660,PAT_563_1070_63.png",1,1,1,1,2
"1153,PAT_564_1079_430.png",0,0,0,0,0
"2223,PAT_564_1079_31.png",0,0,0,0,0
"1215,PAT_565_1073_749.png",1,0,1,0,1
"1155,PAT_566_179_23.png",0,0,0,0,0
"1595,PAT_566_178_625.png",1,0,0,0,1
"1463,PAT_567_1076_545.png",1,0,0,0,1
"1803,PAT_567_1077_64.png",0,0,0,0,0
"1898,PAT_567_1078_978.png",0,0,0,0,0
"1851,PAT_568_1066_235.png",0,0,0,0,0
"677,PAT_570_1085_429.png",1,0,0,0,1
"1498,PAT_570_1084_939.png",1,0,0,0,1
"1997,PAT_570_1084_637.png",0,0,0,0,0
"1998,PAT_570_1085_344.png",1,0,0,0,1
"619,PAT_571_1097_652.png",0,0,0,0,0
"966,PAT_571_1096_10.png",1,0,1,0,1
"1598,PAT_572_1086_130.png",1,0,0,0,1
"1543,PAT_573_1090_660.png",1,0,0,0,0
"1979,PAT_573_1090_164.png",0,0,0,0,0
"2026,PAT_574_1081_628.png",1,1,1,1,1
"2006,PAT_575_1087_29.png",1,1,2,1,2
"2234,PAT_575_1088_134.png",0,0,0,0,0
"276,PAT_576_1089_435.png",0,0,0,0,0
"806,PAT_577_1107_61.png",0,0,0,0,0
"1115,PAT_579_1099_837.png",2,2,2,2,2
"1119,PAT_579_1100_988.png",1,1,1,1,1
"1810,PAT_579_1099_551.png",2,2,2,2,2
"355,PAT_580_1104_684.png",1,0,0,0,0
"2207,PAT_581_1114_116.png",1,0,0,0,0
"648,PAT_582_1363_358.png",0,0,0,0,0
"1492,PAT_583_1112_886.png",1,0,1,0,1
"297,PAT_585_1130_474.png",1,1,1,1,1
"1145,PAT_585_1130_552.png",1,1,1,1,1
"272,PAT_587_3431_6.png",2,2,2,2,2
"300,PAT_587_1117_880.png",1,0,1,0,1
"558,PAT_590_1121_504.png",1,1,1,1,1
"1823,PAT_591_1126_21.png",0,0,0,0,0
"1171,PAT_593_1127_823.png",0,0,0,0,0
"778,PAT_595_1142_142.png",0,0,0,0,0
"585,PAT_596_1146_316.png",1,1,1,1,2
"924,PAT_596_1146_294.png",1,1,1,2,1
"464,PAT_597_1139_181.png",1,0,0,0,0
"1415,PAT_598_1137_888.png",1,0,0,0,1
"1887,PAT_599_1140_399.png",1,0,1,0,0
"304,PAT_600_1141_542.png",0,0,0,0,0
"856,PAT_600_1141_988.png",1,1,1,1,1
"869,PAT_601_1147_943.png",1,2,1,2,1
"1556,PAT_601_1147_889.png",1,1,1,1,1
"1793,PAT_604_1150_336.png",1,0,0,0,0
"1057,PAT_605_1152_536.png",1,1,1,1,1
"908,PAT_609_1159_932.png",1,1,1,1,1
"1457,PAT_609_1159_942.png",2,1,2,1,2
"1097,PAT_610_1156_461.png",0,0,0,0,0
"1575,PAT_611_1158_156.png",1,0,1,0,1
"1519,PAT_612_1163_833.png",0,0,0,0,0
"1058,PAT_613_1164_827.png",1,0,1,0,1
"266,PAT_614_1166_885.png",0,0,0,0,0
"1264,PAT_615_1167_722.png",1,0,0,0,0
"1761,PAT_615_1168_968.png",1,0,0,0,0
"1562,PAT_616_1169_3.png",1,0,0,0,0
"1717,PAT_618_1174_596.png",1,0,0,0,0
"2195,PAT_619_1175_767.png",2,1,1,1,1
"61,PAT_620_1176_980.png",1,0,1,0,1
"43,PAT_621_1183_56.png",0,0,0,0,0
"721,PAT_621_1182_456.png",1,1,1,1,1
"1424,PAT_622_1185_922.png",1,0,0,0,0
"857,PAT_624_1180_803.png",1,0,1,0,1
"2142,PAT_624_1179_323.png",1,0,0,0,0
"903,PAT_625_1184_994.png",1,1,1,1,1
"1199,PAT_625_1184_412.png",0,0,0,0,0
"1205,PAT_626_1187_34.png",1,0,0,0,0
"1868,PAT_626_1186_898.png",1,0,0,0,0
"673,PAT_627_1188_755.png",0,0,0,0,0
"2240,PAT_627_1188_503.png",0,0,0,0,0
"1888,PAT_628_1191_564.png",0,0,0,0,0
"1192,PAT_629_1192_362.png",2,1,1,1,2
"636,PAT_630_1196_710.png",1,0,1,1,1
"363,PAT_631_1227_585.png",0,0,0,0,0
"1837,PAT_631_1207_982.png",1,0,1,1,1
"2019,PAT_632_1206_634.png",0,0,0,0,0
"2022,PAT_632_1206_637.png",0,0,0,0,0
"958,PAT_633_1199_218.png",2,2,2,2,2
"1206,PAT_633_1199_745.png",1,1,1,1,2
"13,PAT_636_1204_521.png",0,0,0,0,0
"2110,PAT_636_1204_666.png",0,0,0,0,0
"618,PAT_637_1434_570.png",0,0,0,0,0
"1096,PAT_637_1434_684.png",1,0,0,0,0
"1329,PAT_637_1217_274.png",2,1,1,1,2
"1184,PAT_638_3680_891.png",1,0,0,0,0
"630,PAT_639_3674_452.png",0,0,0,0,0
"1486,PAT_639_3676_760.png",1,0,0,0,0
"1592,PAT_639_1208_986.png",0,0,0,0,0
"788,PAT_640_1210_293.png",1,1,1,1,0
"864,PAT_641_1211_321.png",1,0,0,0,0
"80,PAT_645_4043_374.png",1,0,0,0,0
"150,PAT_645_1300_463.png",0,0,0,0,0
"250,PAT_645_1223_124.png",0,0,0,0,0
"429,PAT_645_1222_140.png",1,0,0,0,1
"528,PAT_645_1224_768.png",2,2,2,2,2
"1211,PAT_645_1222_860.png",0,0,0,0,0
"1298,PAT_645_1223_443.png",0,0,0,0,0
"1310,PAT_645_4042_489.png",1,0,1,1,1
"2153,PAT_645_1461_111.png",1,0,0,0,0
"2243,PAT_645_1500_364.png",1,0,0,0,0
"635,PAT_646_1225_590.png",1,0,0,0,0
"862,PAT_649_1233_229.png",0,0,0,0,0
"1198,PAT_650_1241_329.png",0,0,0,0,0
"1876,PAT_650_1230_636.png",0,0,0,0,0
"2202,PAT_650_3858_329.png",0,0,0,0,0
"1130,PAT_651_1232_950.png",0,0,0,0,0
"456,PAT_652_1231_516.png",0,0,0,0,0
"2176,PAT_653_1234_311.png",2,2,2,2,2
"492,PAT_654_1244_16.png",1,0,0,0,0
"162,PAT_655_926_447.png",1,0,0,0,0
"471,PAT_655_1245_807.png",0,0,0,0,0
"1461,PAT_656_1246_483.png",0,0,0,0,0
"1916,PAT_656_1246_489.png",0,0,0,0,0
"1080,PAT_657_1247_455.png",1,0,0,0,0
"1078,PAT_658_1266_149.png",0,0,0,0,0
"1279,PAT_660_1249_469.png",0,0,0,0,0
"1857,PAT_660_1249_373.png",0,0,0,0,0
"1914,PAT_662_1251_43.png",2,2,2,2,2
"2005,PAT_662_1251_380.png",2,2,2,2,2
"195,PAT_663_1254_732.png",1,0,0,0,0
"765,PAT_664_1263_781.png",0,0,0,0,0
"246,PAT_665_1262_774.png",1,0,1,0,1
"1426,PAT_665_1260_16.png",0,0,0,0,0
"1945,PAT_665_1261_17.png",0,0,0,0,0
"273,PAT_666_1268_870.png",1,0,0,0,0
"295,PAT_666_1271_645.png",0,0,0,0,0
"395,PAT_666_1269_65.png",1,0,0,0,0
"1420,PAT_667_1264_8.png",1,0,0,0,0
"1465,PAT_668_1259_681.png",0,0,0,0,0
"1283,PAT_669_1265_76.png",1,0,0,0,0
"289,PAT_672_1272_705.png",0,0,0,0,0
"463,PAT_673_3928_888.png",1,0,0,0,0
"1173,PAT_673_1276_752.png",1,0,0,0,0
"1142,PAT_674_1277_9.png",1,0,0,0,0
"477,PAT_677_1349_541.png",1,1,2,1,2
"755,PAT_677_1349_851.png",1,1,1,1,2
"1051,PAT_677_1350_67.png",0,0,0,0,0
"1764,PAT_677_1348_51.png",0,0,0,0,0
"1801,PAT_677_1350_358.png",1,0,0,0,0
"1955,PAT_677_1348_657.png",0,0,0,0,0
"1179,PAT_678_1298_396.png",1,0,0,0,0
"1404,PAT_678_1287_652.png",0,0,0,0,0
"375,PAT_679_1286_677.png",2,2,2,2,2
"1394,PAT_679_1286_933.png",2,2,2,2,2
"53,PAT_680_1289_182.png",1,0,1,0,1
"1481,PAT_680_1289_585.png",1,0,0,0,1
"2280,PAT_681_1299_458.png",2,2,2,2,2
"51,PAT_682_1292_986.png",0,0,0,0,0
"1472,PAT_682_1292_978.png",0,0,0,0,0
"2183,PAT_682_1292_642.png",0,0,0,0,0
"819,PAT_683_1296_237.png",0,0,0,0,0
"1740,PAT_683_1297_839.png",0,0,0,0,0
"2024,PAT_683_1297_195.png",0,0,0,0,0
"4,PAT_684_1302_588.png",2,2,2,2,2
"1189,PAT_684_1303_178.png",1,1,1,1,1
"1795,PAT_684_1302_934.png",1,1,1,1,1
"2104,PAT_684_1303_368.png",1,1,1,1,1
"1881,PAT_686_1355_168.png",0,0,0,0,0
"2030,PAT_687_1304_898.png",0,0,0,0,0
"1250,PAT_688_1305_242.png",0,0,0,0,0
"416,PAT_689_1306_772.png",1,0,0,0,1
"2114,PAT_689_1307_354.png",1,0,0,0,1
"136,PAT_690_1309_981.png",0,0,0,0,0
"827,PAT_690_1309_217.png",0,0,0,0,0
"1146,PAT_690_1309_154.png",0,0,0,0,0
"170,PAT_691_1311_686.png",2,2,2,2,2
"274,PAT_691_3994_671.png",2,2,2,2,2
"447,PAT_691_1310_780.png",2,2,2,2,2
"858,PAT_691_1311_2.png",2,2,2,2,2
"1318,PAT_691_3994_791.png",2,2,2,2,2
"1339,PAT_691_1311_890.png",2,2,2,2,2
"2029,PAT_691_1312_389.png",2,2,2,2,2
"77,PAT_692_1308_364.png",0,0,0,0,0
"2196,PAT_693_1313_304.png",2,2,2,2,2
"2224,PAT_695_1314_822.png",0,0,0,0,0
"666,PAT_697_1317_892.png",0,0,0,0,0
"1503,PAT_698_1150_510.png",0,0,0,0,0
"1624,PAT_698_1150_881.png",0,0,0,0,0
"2238,PAT_698_1319_166.png",1,0,0,0,0
"211,PAT_699_1320_901.png",0,0,0,0,0
"73,PAT_701_4056_457.png",2,2,2,2,2
"1357,PAT_701_1321_156.png",2,2,2,2,2
"687,PAT_703_1329_112.png",1,0,0,0,0
"627,PAT_704_1323_974.png",2,2,2,2,2
"1222,PAT_704_1324_359.png",1,0,1,0,1
"9,PAT_705_4015_413.png",1,0,0,0,0
"800,PAT_705_1326_82.png",0,0,0,0,0
"1591,PAT_707_1327_245.png",1,0,0,0,0
"551,PAT_708_1333_222.png",0,0,0,0,0
"784,PAT_709_1331_253.png",1,1,1,1,1
"2048,PAT_710_1330_243.png",2,1,1,1,2
"1020,PAT_711_4067_260.png",0,0,0,0,0
"1234,PAT_711_1334_480.png",0,0,0,0,0
"1707,PAT_711_1334_344.png",0,0,0,0,0
"549,PAT_712_1335_359.png",1,0,0,0,0
"586,PAT_713_1336_159.png",1,1,1,1,1
"119,PAT_714_1337_709.png",2,1,2,1,2
"1829,PAT_714_1337_914.png",2,1,2,2,2
"629,PAT_715_4072_827.png",2,2,2,2,2
"803,PAT_715_4073_115.png",2,2,2,2,2
"2229,PAT_715_1338_761.png",1,0,1,0,1
"2247,PAT_715_1339_508.png",1,0,0,0,0
"1942,PAT_716_1345_460.png",0,0,0,0,0
"1041,PAT_717_1347_899.png",1,0,1,0,1
"1671,PAT_718_1358_919.png",0,0,0,0,0
"1156,PAT_719_1361_234.png",1,0,0,0,1
"2033,PAT_719_1361_160.png",1,0,0,0,0
"1958,PAT_720_1362_700.png",0,0,0,0,0
"222,PAT_721_1365_142.png",1,0,0,0,0
"1841,PAT_721_1365_819.png",1,0,0,0,0
"157,PAT_722_1377_120.png",0,0,0,0,0
"993,PAT_722_1376_280.png",1,1,1,1,1
"508,PAT_723_1396_338.png",0,0,0,0,0
"35,PAT_724_1369_896.png",0,0,0,0,0
"431,PAT_726_1371_543.png",0,0,0,0,0
"2227,PAT_726_1371_397.png",0,0,0,0,0
"1436,PAT_727_1373_718.png",1,0,0,0,0
"1757,PAT_727_1373_776.png",1,0,0,0,0
"329,PAT_728_1533_952.png",1,0,0,0,0
"1640,PAT_728_1381_63.png",0,0,0,0,0
"1567,PAT_729_1382_390.png",2,0,1,0,1
"237,PAT_730_1383_535.png",0,0,0,0,0
"2186,PAT_730_1385_585.png",2,2,2,2,2
"380,PAT_731_1387_634.png",1,0,1,0,1
"1636,PAT_734_1390_631.png",0,0,0,0,0
"728,PAT_735_1391_683.png",2,2,2,2,2
"1186,PAT_735_1391_261.png",2,1,1,1,2
"2028,PAT_736_1392_562.png",0,0,0,0,0
"1515,PAT_737_1394_936.png",0,0,0,0,0
"1680,PAT_737_1394_308.png",1,0,0,0,0
"328,PAT_738_1397_966.png",0,0,0,0,0
"1430,PAT_738_1397_195.png",0,0,0,0,0
"1482,PAT_738_1552_843.png",0,0,0,0,0
"2261,PAT_738_1552_502.png",0,0,0,0,0
"2264,PAT_739_1398_331.png",1,0,0,0,1
"15,PAT_741_1401_619.png",2,2,2,2,2
"1494,PAT_741_1400_780.png",1,1,1,1,1
"1053,PAT_742_1402_818.png",0,0,0,0,0
"1663,PAT_742_1470_425.png",1,0,0,0,0
"2068,PAT_742_1470_834.png",1,0,0,0,0
"753,PAT_744_1405_742.png",2,1,2,2,2
"2158,PAT_744_1404_951.png",1,1,1,1,1
"1103,PAT_745_1406_409.png",2,1,1,1,2
"542,PAT_746_1407_708.png",0,0,0,0,0
"169,PAT_747_1408_427.png",2,2,2,2,2
"184,PAT_747_1410_179.png",2,2,2,2,2
"1154,PAT_747_1409_116.png",2,2,2,2,2
"1312,PAT_747_1410_622.png",2,2,2,2,2
"1431,PAT_747_1408_965.png",2,2,2,2,2
"1834,PAT_747_1408_742.png",2,2,2,2,2
"2281,PAT_747_1409_466.png",2,2,2,2,2
"604,PAT_749_1414_770.png",2,2,2,2,2
"750,PAT_749_1415_164.png",2,1,1,1,1
"1470,PAT_751_1497_215.png",2,2,2,2,2
"1453,PAT_752_1426_714.png",2,1,2,1,2
"510,PAT_753_1427_658.png",2,1,1,1,1
"628,PAT_753_1428_451.png",0,0,0,0,0
"1039,PAT_753_1833_710.png",2,0,0,0,0
"1544,PAT_753_1427_496.png",1,0,0,0,1
"1936,PAT_753_1834_712.png",0,1,1,1,0
"2287,PAT_754_1429_380.png",1,0,0,0,1
"741,PAT_755_1430_681.png",0,0,0,0,0
"1102,PAT_756_1496_480.png",1,0,0,0,0
"1877,PAT_756_1496_599.png",1,0,0,0,0
"2073,PAT_756_1495_858.png",0,0,0,0,0
"379,PAT_757_1431_696.png",0,0,0,0,0
"642,PAT_757_4220_942.png",0,0,0,0,0
"1925,PAT_757_1431_907.png",0,0,0,0,0
"1672,PAT_758_1441_891.png",2,1,2,1,2
"18,PAT_759_1538_566.png",0,0,0,0,0
"216,PAT_759_1433_973.png",0,0,0,0,0
"888,PAT_759_1433_914.png",0,0,0,0,0
"1433,PAT_760_1456_878.png",0,0,0,0,0
"610,PAT_761_1435_561.png",0,0,0,0,0
"1280,PAT_762_1436_414.png",0,0,0,0,0
"2164,PAT_763_1439_668.png",1,0,1,0,1
"890,PAT_764_1448_499.png",1,1,1,1,2
"426,PAT_766_1444_52.png",0,0,0,0,0
"1616,PAT_766_1670_458.png",1,0,0,0,0
"2129,PAT_767_1501_691.png",1,0,0,0,1
"956,PAT_768_1449_842.png",2,2,2,2,2
"970,PAT_768_1450_402.png",0,0,0,0,0
"382,PAT_770_1451_136.png",2,2,2,2,2
"142,PAT_771_1488_562.png",0,0,0,0,0
"372,PAT_771_1491_390.png",1,1,1,1,1
"761,PAT_771_1489_345.png",1,0,0,0,1
"951,PAT_771_1488_922.png",0,1,0,1,0
"1922,PAT_771_1489_70.png",1,0,,0,1
"1968,PAT_771_1490_334.png",1,0,0,0,0
"936,PAT_773_1459_554.png",0,0,0,0,0
"2228,PAT_774_1462_821.png",0,0,0,0,0
"2133,PAT_775_1463_616.png",1,0,1,0,1
"738,PAT_776_1466_241.png",1,0,0,0,0
"6,PAT_778_1471_835.png",1,1,1,1,2
"1507,PAT_778_1471_911.png",1,1,1,1,1
"1815,PAT_779_1472_741.png",0,0,0,0,0
"1535,PAT_780_1473_791.png",2,0,1,0,1
"2090,PAT_781_1474_517.png",0,0,0,0,0
"217,PAT_782_1493_140.png",1,1,2,1,2
"1269,PAT_782_1492_890.png",2,1,1,1,1
"1350,PAT_782_1494_418.png",2,1,1,1,1
"2218,PAT_785_1479_108.png",1,0,1,0,1
"1065,PAT_786_1480_914.png",1,0,1,0,1
"1187,PAT_787_1482_328.png",0,0,0,0,0
"696,PAT_788_1503_168.png",1,1,1,1,1
"1067,PAT_788_1503_541.png",1,1,1,1,1
"1014,PAT_789_1483_793.png",0,0,0,0,0
"706,PAT_791_1487_906.png",1,0,0,0,1
"155,PAT_792_4351_858.png",1,0,0,0,0
"317,PAT_792_1498_936.png",1,0,0,0,0
"40,PAT_793_1512_327.png",0,0,0,0,0
"336,PAT_793_1512_513.png",0,0,0,0,0
"837,PAT_793_1512_382.png",0,0,0,0,0
"1766,PAT_794_1507_723.png",0,0,0,0,0
"75,PAT_795_1508_925.png",1,0,0,0,1
"129,PAT_796_1510_130.png",0,0,0,0,0
"843,PAT_796_1509_459.png",1,0,0,0,0
"982,PAT_796_1509_400.png",1,0,0,0,1
"1729,PAT_796_1510_361.png",1,0,0,0,0
"1108,PAT_797_1511_805.png",2,2,2,2,2
"981,PAT_798_1529_282.png",0,0,0,0,0
"987,PAT_798_1771_240.png",0,0,0,0,0
"1836,PAT_798_1772_469.png",0,0,0,0,0
"2100,PAT_798_1770_256.png",0,0,0,0,0
"1723,PAT_799_1515_723.png",1,0,0,0,0
"867,PAT_800_1514_512.png",2,0,1,0,2
"1843,PAT_800_1513_509.png",2,2,2,2,2
"480,PAT_801_1518_78.png",1,1,1,1,1
"1348,PAT_801_1518_574.png",1,1,1,1,2
"104,PAT_802_1516_910.png",2,0,1,0,1
"1237,PAT_802_1516_510.png",2,0,1,0,1
"213,PAT_803_1522_907.png",0,0,0,0,0
"52,PAT_805_1517_154.png",0,0,0,0,0
"1382,PAT_805_1517_647.png",0,0,0,0,0
"366,PAT_806_1520_708.png",2,2,2,2,2
"684,PAT_806_1519_527.png",0,0,0,0,0
"1243,PAT_806_1520_60.png",2,2,2,2,2
"570,PAT_809_1528_118.png",1,0,1,0,0
"927,PAT_809_1527_202.png",0,0,0,0,0
"1649,PAT_809_1527_902.png",0,0,0,0,0
"1084,PAT_810_1526_67.png",2,0,1,0,1
"1180,PAT_810_1526_639.png",1,0,1,0,1
"702,PAT_812_1625_430.png",0,0,0,0,0
"718,PAT_813_1619_543.png",0,0,0,0,0
"67,PAT_814_1532_545.png",1,0,0,0,2
"762,PAT_814_1532_265.png",2,0,1,1,2
"1306,PAT_815_1536_963.png",1,0,0,0,1
"1364,PAT_815_1535_536.png",2,2,2,2,2
"1687,PAT_815_1534_411.png",1,0,1,1,1
"1854,PAT_815_1533_460.png",0,0,0,0,0
"963,PAT_816_1544_933.png",2,1,1,0,1
"401,PAT_817_1537_643.png",2,1,1,1,1
"948,PAT_817_4471_179.png",1,1,1,0,0
"1063,PAT_817_1537_943.png",2,0,1,1,1
"1111,PAT_818_1539_859.png",1,1,1,0,1
"845,PAT_819_1541_727.png",1,0,1,0,1
"19,PAT_821_1547_77.png",0,0,0,0,0
"536,PAT_822_1550_826.png",2,1,2,1,2
"1190,PAT_822_1550_132.png",2,2,2,2,2
"1371,PAT_822_1551_642.png",1,0,0,0,1
"2023,PAT_822_1551_573.png",1,1,1,1,1
"1068,PAT_823_1558_67.png",0,0,0,0,0
"1410,PAT_823_1558_870.png",0,0,0,0,0
"1948,PAT_823_1556_787.png",1,0,0,0,1
"833,PAT_824_1561_796.png",1,0,0,0,1
"1442,PAT_824_1560_801.png",1,0,0,0,0
"1647,PAT_826_1615_908.png",0,0,0,0,0
"248,PAT_827_1600_1000.png",0,0,0,0,0
"442,PAT_827_1599_248.png",2,1,2,1,2
"941,PAT_827_1598_85.png",2,2,2,2,2
"1345,PAT_827_1601_859.png",2,2,2,2,2
"1862,PAT_829_1566_135.png",0,0,0,0,0
"1587,PAT_830_1564_54.png",0,0,0,0,0
"1894,PAT_830_1565_911.png",1,0,0,0,0
"2276,PAT_830_1564_740.png",0,0,0,0,0
"315,PAT_831_1570_991.png",0,0,0,0,1
"886,PAT_831_1570_637.png",0,0,0,0,0
"308,PAT_832_1569_413.png",1,0,0,0,1
"2040,PAT_833_1571_134.png",0,0,0,0,0
"822,PAT_834_4490_317.png",2,2,2,2,2
"848,PAT_834_1572_973.png",1,0,1,0,1
"1139,PAT_834_1574_276.png",1,0,1,0,1
"1383,PAT_834_1574_397.png",1,0,0,0,0
"1982,PAT_834_1572_430.png",1,0,1,0,1
"670,PAT_835_1577_938.png",1,1,1,1,1
"780,PAT_835_1578_592.png",1,0,1,0,1
"1026,PAT_835_1578_52.png",1,0,1,0,2
"772,PAT_837_1582_714.png",0,0,0,0,0
"1654,PAT_837_1584_745.png",0,0,0,0,0
"1849,PAT_837_1583_124.png",0,0,0,0,0
"71,PAT_838_1585_282.png",0,0,0,0,0
"327,PAT_838_1587_73.png",1,0,1,0,1
"2031,PAT_838_1585_979.png",1,0,1,0,1
"2187,PAT_838_1586_622.png",1,0,1,0,1
"241,PAT_839_1591_204.png",2,2,2,2,2
"316,PAT_840_1595_981.png",2,2,2,1,2
"879,PAT_841_1603_667.png",1,0,0,0,0
"229,PAT_842_1606_720.png",0,0,0,0,0
"2132,PAT_842_1606_971.png",0,0,0,0,0
"2082,PAT_844_1605_308.png",2,2,2,2,2
"997,PAT_845_1604_313.png",0,0,0,0,0
"734,PAT_846_1607_895.png",0,0,0,0,0
"121,PAT_847_1610_165.png",0,0,0,0,0
"597,PAT_849_1612_143.png",1,0,1,0,1
"2181,PAT_849_1613_824.png",1,0,0,0,1
"141,PAT_850_1611_332.png",2,0,1,0,1
"436,PAT_851_4519_488.png",0,0,0,0,0
"1398,PAT_851_1623_815.png",0,0,1,1,1
"1613,PAT_851_1623_506.png",0,0,0,1,0
"2045,PAT_851_4520_743.png",1,0,1,1,2
"1046,PAT_852_1629_265.png",2,2,2,2,2
"418,PAT_853_1642_497.png",0,0,0,0,0
"776,PAT_854_1635_103.png",2,0,1,0,1
"668,PAT_856_1626_523.png",1,1,1,1,1
"2242,PAT_856_1626_630.png",1,1,1,1,1
"1860,PAT_857_1627_310.png",0,0,0,0,0
"2167,PAT_857_1628_916.png",0,0,0,0,0
"455,PAT_858_1633_926.png",1,0,1,0,1
"534,PAT_858_1631_427.png",1,1,1,1,1
"1770,PAT_858_1632_977.png",0,0,0,0,0
"835,PAT_859_1638_598.png",1,0,0,0,0
"552,PAT_860_1641_440.png",0,0,0,0,0
"1859,PAT_860_1641_998.png",0,0,0,0,0
"1285,PAT_861_1639_823.png",1,1,1,1,1
"896,PAT_862_1643_386.png",1,0,0,0,0
"564,PAT_864_1645_639.png",0,0,0,0,0
"1384,PAT_864_1646_822.png",0,0,0,0,0
"1933,PAT_864_1645_626.png",1,0,0,0,0
"1930,PAT_866_1649_674.png",1,0,1,0,1
"59,PAT_867_1650_901.png",0,0,0,0,0
"1821,PAT_867_1650_825.png",0,0,0,0,0
"55,PAT_868_1657_698.png",2,2,2,2,2
"532,PAT_872_1707_638.png",2,2,2,2,2
"1733,PAT_872_1708_841.png",1,0,1,0,1
"2013,PAT_872_1709_526.png",1,0,0,0,1
"1214,PAT_873_1661_178.png",0,0,0,0,0
"1271,PAT_874_1672_287.png",0,0,0,0,0
"1448,PAT_874_1671_938.png",0,0,0,0,0
"1755,PAT_874_1671_176.png",0,0,0,0,0
"1884,PAT_874_1672_743.png",0,0,0,0,0
"21,PAT_875_1668_588.png",1,0,1,0,1
"117,PAT_875_1669_946.png",0,0,0,0,0
"149,PAT_875_1670_121.png",0,0,0,0,0
"826,PAT_876_1664_579.png",0,0,0,0,0
"1323,PAT_876_1666_961.png",0,0,0,0,0
"1962,PAT_876_1665_569.png",0,0,0,0,0
"2216,PAT_876_1665_386.png",0,0,0,0,0
"1209,PAT_877_1667_118.png",0,0,0,0,0
"1522,PAT_877_1667_667.png",0,0,0,0,0
"2118,PAT_878_1663_7.png",1,1,1,1,1
"377,PAT_879_1676_668.png",0,0,0,0,0
"236,PAT_880_1673_410.png",1,1,1,1,1
"1290,PAT_880_1675_704.png",2,2,2,2,2
"2170,PAT_880_1674_223.png",1,0,1,0,1
"1060,PAT_881_1681_462.png",0,0,0,0,0
"83,PAT_882_1677_789.png",0,0,0,0,0
"555,PAT_882_1678_192.png",0,0,0,0,0
"1885,PAT_883_1682_256.png",2,2,2,2,2
"830,PAT_884_1683_538.png",0,0,0,0,0
"1302,PAT_885_1687_204.png",1,1,1,1,2
"1634,PAT_885_1687_823.png",0,0,0,0,0
"291,PAT_886_1684_297.png",1,0,0,0,0
"2241,PAT_886_1684_103.png",0,0,0,0,0
"1330,PAT_887_1688_436.png",0,0,0,0,0
"1609,PAT_888_1685_268.png",1,0,0,0,1
"2152,PAT_889_1689_986.png",1,0,0,0,1
"1099,PAT_890_1694_29.png",0,0,0,0,0
"2072,PAT_890_1693_904.png",0,0,0,0,0
"2105,PAT_890_1693_454.png",0,0,0,0,0
"1358,PAT_891_1700_180.png",1,0,0,0,1
"1789,PAT_891_1701_36.png",0,0,0,0,0
"1630,PAT_892_1691_881.png",1,0,0,0,0
"1272,PAT_893_1697_613.png",0,0,0,0,0
"1344,PAT_894_1680_410.png",0,0,0,0,0
"2053,PAT_894_1679_640.png",2,0,1,0,1
"338,PAT_895_1699_872.png",0,0,0,0,0
"1375,PAT_896_1705_582.png",2,0,1,0,0
"1335,PAT_897_1710_793.png",1,0,0,0,0
"1550,PAT_897_1704_988.png",0,0,1,2,0
"1559,PAT_898_1706_496.png",1,0,1,0,1
"1438,PAT_899_1702_32.png",1,1,1,1,1
"1167,PAT_900_1711_622.png",0,0,0,0,0
"1185,PAT_901_1716_497.png",1,1,1,1,1
"1207,PAT_902_1718_852.png",0,0,0,0,0
"603,PAT_903_1719_943.png",1,0,0,0,0
"1003,PAT_903_1720_647.png",0,0,0,0,0
"1304,PAT_904_1736_851.png",1,0,0,0,0
"1620,PAT_904_1739_546.png",2,0,1,1,2
"1928,PAT_904_1737_511.png",1,0,0,0,0
"719,PAT_905_1721_327.png",0,0,0,0,0
"1368,PAT_906_1723_560.png",1,0,1,1,1
"1796,PAT_906_1722_328.png",0,0,0,0,0
"294,PAT_908_1726_939.png",0,0,0,0,0
"665,PAT_911_1728_101.png",0,0,0,0,0
"1900,PAT_912_1729_244.png",0,0,0,0,0
"2188,PAT_913_1730_815.png",0,0,0,0,0
"1021,PAT_914_1740_932.png",1,0,1,0,1
"1422,PAT_914_1732_136.png",0,0,0,0,0
"1846,PAT_915_1738_667.png",0,0,0,0,0
"743,PAT_917_1735_936.png",0,0,0,0,0
"1117,PAT_918_1742_456.png",1,0,1,0,1
"1608,PAT_918_1742_629.png",1,0,0,0,1
"533,PAT_919_1744_318.png",1,0,1,0,1
"1195,PAT_919_1744_451.png",0,0,0,0,0
"70,PAT_920_1747_19.png",1,0,0,0,1
"2102,PAT_920_1748_942.png",0,0,0,0,0
"954,PAT_921_1750_313.png",0,0,0,0,0
"367,PAT_923_1753_706.png",0,0,0,0,0
"680,PAT_923_1753_496.png",0,0,0,0,0
"569,PAT_924_1757_784.png",0,0,0,0,1
"733,PAT_924_1757_704.png",1,0,0,0,0
"884,PAT_926_1758_714.png",2,0,1,0,2
"824,PAT_927_1759_749.png",0,0,0,0,0
"2246,PAT_927_1759_849.png",0,0,0,0,0
"1109,PAT_928_1764_426.png",0,0,0,0,0
"461,PAT_930_1760_560.png",2,2,2,2,2
"1178,PAT_931_1762_69.png",0,0,0,0,0
"1336,PAT_931_1761_380.png",1,0,1,0,1
"2171,PAT_931_1763_617.png",0,0,0,0,0
"1758,PAT_933_1766_191.png",2,2,2,2,2
"891,PAT_934_1778_140.png",0,0,0,0,0
"1558,PAT_934_1777_423.png",0,0,0,0,0
"359,PAT_935_1781_341.png",0,0,0,0,0
"920,PAT_935_1786_482.png",1,1,1,1,2
"1094,PAT_935_1785_530.png",1,0,0,0,1
"1380,PAT_935_1783_687.png",1,0,1,0,1
"2099,PAT_935_1781_920.png",0,0,1,0,0
"1338,PAT_936_1772_886.png",0,0,0,0,0
"1867,PAT_937_1768_126.png",2,2,2,2,2
"775,PAT_938_1789_693.png",2,2,2,2,2
"1297,PAT_938_1790_977.png",1,1,1,1,1
"322,PAT_939_1791_329.png",2,1,1,1,1
"223,PAT_940_1774_962.png",1,1,1,1,1
"1359,PAT_940_1775_513.png",0,0,0,0,0
"2051,PAT_942_1792_411.png",1,1,1,1,1
"2111,PAT_943_1793_256.png",0,0,0,0,0
"2249,PAT_943_1793_787.png",0,0,0,0,0
"39,PAT_944_1795_371.png",1,0,0,0,0
"1011,PAT_944_1795_666.png",0,0,0,0,0
"1525,PAT_945_1796_583.png",1,0,1,0,1
"1780,PAT_946_1809_687.png",0,0,0,0,0
"1268,PAT_947_1798_946.png",1,0,0,0,1
"238,PAT_948_1801_993.png",0,0,0,0,0
"578,PAT_948_1801_721.png",0,0,0,0,0
"1495,PAT_948_1800_310.png",1,0,1,0,1
"2015,PAT_949_1802_582.png",2,2,2,2,2
"841,PAT_950_1804_64.png",0,0,0,0,0
"1162,PAT_950_1804_334.png",1,0,0,0,0
"663,PAT_951_1836_991.png",2,2,2,2,2
"277,PAT_952_1807_58.png",0,0,0,0,0
"187,PAT_953_1806_326.png",1,0,1,0,1
"994,PAT_953_1806_845.png",1,0,1,0,1
"944,PAT_954_1808_415.png",1,0,1,0,1
"1294,PAT_955_1810_892.png",2,0,2,1,2
"576,PAT_957_1814_77.png",0,0,0,0,0
"125,PAT_958_1812_62.png",2,2,2,2,2
"929,PAT_959_1813_1000.png",0,0,0,0,0
"1133,PAT_960_1816_662.png",1,0,0,0,0
"817,PAT_961_1818_992.png",2,0,1,0,2
"105,PAT_962_1823_942.png",1,0,1,0,1
"239,PAT_962_1823_857.png",1,0,1,0,1
"81,PAT_963_1820_823.png",1,0,1,0,1
"130,PAT_963_1819_298.png",0,0,0,0,0
"1856,PAT_963_1817_593.png",1,0,0,0,0
"1684,PAT_964_1821_83.png",0,0,0,0,0
"112,PAT_966_1825_584.png",2,2,2,2,2
"164,PAT_966_1825_546.png",2,2,2,2,2
"865,PAT_966_1826_587.png",1,0,0,0,0
"11,PAT_967_1827_247.png",0,0,0,0,0
"1040,PAT_968_1835_721.png",1,0,1,0,1
"1128,PAT_970_1833_270.png",1,0,0,0,0
"1716,PAT_971_1847_99.png",0,0,0,0,0
"1940,PAT_972_1843_756.png",1,0,0,0,0
"2208,PAT_973_1839_34.png",1,0,1,0,1
"354,PAT_974_1841_693.png",0,0,0,0,0
"519,PAT_974_1842_574.png",0,0,0,0,0
"433,PAT_975_4734_783.png",1,0,0,0,1
"580,PAT_975_1834_152.png",0,0,0,0,0
"247,PAT_976_1837_861.png",1,1,1,1,2
"1763,PAT_976_1837_503.png",1,1,2,1,2
"1693,PAT_978_1844_599.png",0,0,0,1,0
"1790,PAT_978_1844_715.png",0,0,0,1,0
"1666,PAT_980_1851_351.png",0,0,0,0,0
"2063,PAT_980_1849_295.png",1,0,0,0,1
"92,PAT_981_1848_906.png",1,0,0,0,0
"410,PAT_981_1848_486.png",1,0,0,0,1
"2025,PAT_982_1852_526.png",0,0,0,0,0
"1313,PAT_983_1853_985.png",0,0,0,0,0
"2119,PAT_983_1854_274.png",0,0,0,0,0
"182,PAT_985_1856_397.png",1,0,0,0,0
"2262,PAT_985_1856_91.png",1,0,0,0,1
"1999,PAT_986_1855_702.png",2,2,2,2,2
"1183,PAT_987_1859_859.png",1,1,1,1,2
"2272,PAT_987_1859_724.png",0,0,0,0,1
"1266,PAT_988_1858_453.png",1,0,0,0,0
"1545,PAT_988_1858_944.png",1,0,1,0,1
"1713,PAT_989_1861_156.png",2,1,2,2,2
"1806,PAT_990_1860_636.png",2,1,1,1,1
"2155,PAT_990_1860_478.png",2,1,1,1,1
"2035,PAT_992_1864_653.png",1,0,1,0,1
"1121,PAT_993_1865_559.png",0,0,0,0,0
"870,PAT_994_1866_913.png",0,0,0,0,0
"1678,PAT_994_1866_730.png",0,0,0,0,0
"86,PAT_995_1867_5.png",1,0,0,0,0
"529,PAT_995_1867_165.png",1,0,0,0,0